,gameId,polarity_1,subjectivity_1,polarity_2,subjectivity_2,polarity_4,subjectivity_4,polarity_8,subjectivity_8
345215,waldemar-anton_2022-10-22,-0.2920230791703185,0.5346233623227493,-0.2362006595369374,0.4752941505204263,-0.20001887078627442,0.5045904124241385,-0.16735318954366202,0.47806357027038093
396767,kevin-akpoguma_2022-10-22,-0.07174964881861431,0.4988191597674356,-0.11143486930157476,0.5033676487121035,-0.08029904894762871,0.5015291978187705,-0.07823555351542112,0.5125991930926438
118300,stanley-nsoki_2022-10-22,-0.07174964881861431,0.4988191597674356,-0.11143486930157476,0.5033676487121035,-0.08029904894762871,0.5015291978187705,-0.07823555351542112,0.5125991930926438
365437,dan-axel-zagadou_2022-10-22,-0.2920230791703185,0.5346233623227493,-0.2362006595369374,0.4752941505204263,-0.20001887078627442,0.5045904124241385,-0.16735318954366202,0.47806357027038093
90520,pavel-kaderabek_2022-10-22,-0.07174964881861431,0.4988191597674356,-0.11143486930157476,0.5033676487121035,-0.08029904894762871,0.5015291978187705,-0.07823555351542112,0.5125991930926438
42249,luiz-felipe-ramos-marchi_2022-10-23,-0.010753990159060523,0.4974555759147345,-0.027117834017601025,0.5102921962518794,-0.03033141471445652,0.5021233011462737,-0.052874968592790096,0.5068129192080393
397399,erik-palmer-brown_2022-10-29,-0.17580451625094493,0.4926011818868963,-0.1470221836931021,0.5032297113856883,-0.1291538091201084,0.5096039308451161,-0.13939307774447868,0.5245772205149264
616783,aaron-martin-caricol_2022-10-29,-0.07174964881861431,0.4988191597674356,-0.11143486930157476,0.5033676487121035,-0.08029904894762871,0.5015291978187705,-0.07823555351542112,0.5125991930926438
124054,stefan-bell_2022-10-29,-0.07174964881861431,0.4988191597674356,-0.11143486930157476,0.5033676487121035,-0.08029904894762871,0.5015291978187705,-0.07823555351542112,0.5125991930926438
4612,anthony-caci_2022-10-29,-0.07174964881861431,0.4988191597674356,-0.11143486930157476,0.5033676487121035,-0.08029904894762871,0.5015291978187705,-0.07823555351542112,0.5125991930926438
117861,jackson-gabriel-porozo-vernaza_2022-10-29,-0.17580451625094493,0.4926011818868963,-0.1470221836931021,0.5032297113856883,-0.1291538091201084,0.5096039308451161,-0.13939307774447868,0.5245772205149264
231431,yoann-salmier_2022-10-29,-0.17580451625094493,0.4926011818868963,-0.1470221836931021,0.5032297113856883,-0.1291538091201084,0.5096039308451161,-0.13939307774447868,0.5245772205149264
798307,ivan-ordets_2022-11-05,-0.19975028390413008,0.5430003984619375,-0.2458866815372243,0.5388118803923434,-0.24522883481043528,0.5075729990515216,-0.18979567816709814,0.48547710098001773
234429,jonjoe-kenny_2022-11-05,-0.07174964881861431,0.4988191597674356,-0.11143486930157476,0.5033676487121035,-0.08029904894762871,0.5015291978187705,-0.07823555351542112,0.5125991930926438
651783,agustin-maximiliano-rogel-paita_2022-11-05,-0.07174964881861431,0.4988191597674356,-0.11143486930157476,0.5033676487121035,-0.08029904894762871,0.5015291978187705,-0.07823555351542112,0.5125991930926438
446259,danilo-teodoro-soares_2022-11-05,-0.19975028390413008,0.5430003984619375,-0.2458866815372243,0.5388118803923434,-0.24522883481043528,0.5075729990515216,-0.18979567816709814,0.48547710098001773
589382,felix-passlack_2022-11-05,0.19975028390413008,0.5430003984619375,0.2458866815372243,0.5388118803923434,0.24522883481043528,0.5075729990515216,0.18979567816709814,0.48547710098001773
129365,marc-oliver-kempf_2022-11-05,-0.07174964881861431,0.4988191597674356,-0.11143486930157476,0.5033676487121035,-0.08029904894762871,0.5015291978187705,-0.07823555351542112,0.5125991930926438
558878,cristian-gamboa-luna_2022-11-05,-0.19975028390413008,0.5430003984619375,-0.2458866815372243,0.5388118803923434,-0.24522883481043528,0.5075729990515216,-0.18979567816709814,0.48547710098001773
749733,rodrigo-ely_2022-11-05,-0.04982780471590516,0.5336318897017589,-0.1443849148845207,0.5142695468044813,-0.0957695755418635,0.5146606013048605,-0.11805071825752504,0.5197556348986437
665112,maximilian-mittelstadt_2022-11-05,-0.07174964881861431,0.4988191597674356,-0.11143486930157476,0.5033676487121035,-0.08029904894762871,0.5015291978187705,-0.07823555351542112,0.5125991930926438
295338,konstantinos-stafylidis_2022-11-05,-0.19975028390413008,0.5430003984619375,-0.2458866815372243,0.5388118803923434,-0.24522883481043528,0.5075729990515216,-0.18979567816709814,0.48547710098001773
714345,theo-le-bris_2022-11-06,-0.012903992685738736,0.530456969544271,-0.09850514999069214,0.5489327543587582,-0.12276366684189713,0.5260812328722233,-0.11705550161824227,0.5257913876942354
700469,romain-perraud_2022-11-06,-0.04895582165743456,0.524525322347903,-0.08714098600639526,0.5378101082751369,-0.08409806557490322,0.5227779170380641,-0.05001773916971604,0.5179995318255282
255010,julien-laporte_2022-11-06,-0.012903992685738736,0.530456969544271,-0.09850514999069214,0.5489327543587582,-0.12276366684189713,0.5260812328722233,-0.11705550161824227,0.5257913876942354
762676,wassim-keddari-boulif_2022-11-06,-0.043188773899711444,0.5167887542145352,-0.06418664109012308,0.5180614966874668,-0.06123830129741524,0.5158614458166949,-0.04801777463690312,0.5072897990587792
475380,amos-pieper_2022-11-08,-0.07174964881861431,0.4988191597674356,-0.11143486930157476,0.5033676487121035,-0.08029904894762871,0.5015291978187705,-0.07823555351542112,0.5125991930926438
278816,mitchell-weiser_2022-11-08,-0.07174964881861431,0.4988191597674356,-0.11143486930157476,0.5033676487121035,-0.08029904894762871,0.5015291978187705,-0.07823555351542112,0.5125991930926438
601850,christian-gross-1989-02-08_2022-11-08,-0.07174964881861431,0.4988191597674356,-0.11143486930157476,0.5033676487121035,-0.08029904894762871,0.5015291978187705,-0.07823555351542112,0.5125991930926438
788706,sebastiaan-bornauw_2022-11-08,-0.19975028390413008,0.5430003984619375,-0.2458866815372243,0.5388118803923434,-0.24522883481043528,0.5075729990515216,-0.18979567816709814,0.48547710098001773
46584,paulo-otavio-rosa-silva_2022-11-08,-0.19975028390413008,0.5430003984619375,-0.2458866815372243,0.5388118803923434,-0.24522883481043528,0.5075729990515216,-0.18979567816709814,0.48547710098001773
122542,niklas-stark_2022-11-08,-0.07174964881861431,0.4988191597674356,-0.11143486930157476,0.5033676487121035,-0.08029904894762871,0.5015291978187705,-0.07823555351542112,0.5125991930926438
682007,marco-friedl_2022-11-08,-0.07174964881861431,0.4988191597674356,-0.11143486930157476,0.5033676487121035,-0.08029904894762871,0.5015291978187705,-0.07823555351542112,0.5125991930926438
292444,anthony-jung_2022-11-08,-0.07174964881861431,0.4988191597674356,-0.11143486930157476,0.5033676487121035,-0.08029904894762871,0.5015291978187705,-0.07823555351542112,0.5125991930926438
23170,rogerio-oliveira-da-silva_2022-11-09,-0.05527467354904027,0.535722270876456,-0.06531512591003415,0.5443454293115406,-0.05212670105743353,0.5270834482320413,-0.09275012579709604,0.5359566157473828
126730,franco-matias-russo-panos_2022-11-09,-0.08071940853190858,0.5106143697810367,-0.06195409121581001,0.5137015619977859,-0.07872965589062725,0.5191511442832705,-0.054530535302541885,0.510637222714772
226176,marvin-friedrich_2022-11-11,-0.19975028390413008,0.5430003984619375,-0.2458866815372243,0.5388118803923434,-0.24522883481043528,0.5075729990515216,-0.18979567816709814,0.48547710098001773
466918,joseph-scally_2022-11-11,-0.19975028390413008,0.5430003984619375,-0.2458866815372243,0.5388118803923434,-0.24522883481043528,0.5075729990515216,-0.18979567816709814,0.48547710098001773
415678,ko-itakura_2022-11-11,-0.19975028390413008,0.5430003984619375,-0.2458866815372243,0.5388118803923434,-0.24522883481043528,0.5075729990515216,-0.18979567816709814,0.48547710098001773
210303,luca-netz_2022-11-11,-0.19975028390413008,0.5430003984619375,-0.2458866815372243,0.5388118803923434,-0.24522883481043528,0.5075729990515216,-0.18979567816709814,0.48547710098001773
89031,kalidou-koulibaly_2022-11-12,0.11970398480465597,0.4612917575837037,0.08474536950331647,0.48999647136026603,0.0640059805873868,0.4887614925943974,0.10389186029673587,0.5169895856298014
436427,maya-yoshida_2022-11-12,-0.07174964881861431,0.4988191597674356,-0.11143486930157476,0.5033676487121035,-0.08029904894762871,0.5015291978187705,-0.07823555351542112,0.5125991930926438
804939,henning-matriciani_2022-11-12,-0.07174964881861431,0.4988191597674356,-0.11143486930157476,0.5033676487121035,-0.08029904894762871,0.5015291978187705,-0.07823555351542112,0.5125991930926438
698945,cedric-brunner_2022-11-12,-0.07174964881861431,0.4988191597674356,-0.11143486930157476,0.5033676487121035,-0.08029904894762871,0.5015291978187705,-0.07823555351542112,0.5125991930926438
700468,romain-perraud_2022-11-12,-0.17828292806484292,0.5605751435325901,-0.11438155823195714,0.548641630646131,-0.14013057465524487,0.5311290192977808,-0.13739158765954215,0.5308635642191155
180314,timothee-kolodziejczak_2022-11-12,-0.07174964881861431,0.4988191597674356,-0.11143486930157476,0.5033676487121035,-0.08029904894762871,0.5015291978187705,-0.07823555351542112,0.5125991930926438
603972,harry-toffolo_2022-12-27,-0.09433298725256127,0.5281026579558818,-0.04686531454220681,0.508394816721922,-0.07656397263332503,0.49514465234076965,-0.08790130942976337,0.4934135692708921
654308,lloyd-kelly_2022-12-27,-0.13581363712045527,0.5724619198788786,-0.13794353946926602,0.534074713110446,-0.11134445448629124,0.512035592235356,-0.10848587784668567,0.5100333976367991
656607,joe-worrall_2022-12-27,-0.09433298725256127,0.5281026579558818,-0.04686531454220681,0.508394816721922,-0.07656397263332503,0.49514465234076965,-0.08790130942976337,0.4934135692708921
89026,kalidou-koulibaly_2022-12-27,0.13581363712045527,0.5724619198788786,0.13794353946926602,0.534074713110446,0.11134445448629124,0.512035592235356,0.10848587784668567,0.5100333976367991
241893,adam-smith-1991-04-29_2022-12-27,-0.13581363712045527,0.5724619198788786,-0.13794353946926602,0.534074713110446,-0.11134445448629124,0.512035592235356,-0.10848587784668567,0.5100333976367991
548148,lucas-perrin_2022-12-28,-0.08562979664368559,0.52929283131135,-0.04926689466471216,0.5298749004278105,-0.1146111532190037,0.5299398804789407,-0.11110128631314126,0.5233984094200973
177583,ismael-landry-doukoure_2022-12-28,-0.08562979664368559,0.52929283131135,-0.04926689466471216,0.5298749004278105,-0.1146111532190037,0.5299398804789407,-0.11110128631314126,0.5233984094200973
544021,gerzino-nyamsi_2022-12-28,-0.08562979664368559,0.52929283131135,-0.04926689466471216,0.5298749004278105,-0.1146111532190037,0.5299398804789407,-0.11110128631314126,0.5233984094200973
829982,helibelton-palacios-zapata_2022-12-29,-0.07799645735038993,0.527915930303571,-0.07935793294114926,0.5192651500423038,-0.07177228701563616,0.5186633233648853,-0.058157670800102965,0.5155509707113307
539655,craig-dawson_2022-12-30,0.03634560525599128,0.502864853011912,0.06273021973162754,0.5051551415843049,0.035734872294798964,0.504028555041525,0.06751724859186754,0.5101385386001656
313587,ben-mee_2022-12-30,-0.03634560525599128,0.502864853011912,-0.06273021973162754,0.5051551415843049,-0.035734872294798964,0.504028555041525,-0.06751724859186754,0.5101385386001656
773645,mads-roerslev-rasmussen_2022-12-30,-0.03634560525599128,0.502864853011912,-0.06273021973162754,0.5051551415843049,-0.035734872294798964,0.504028555041525,-0.06751724859186754,0.5101385386001656
559316,rico-henry_2022-12-30,-0.03634560525599128,0.502864853011912,-0.06273021973162754,0.5051551415843049,-0.035734872294798964,0.504028555041525,-0.06751724859186754,0.5101385386001656
588627,hugo-bueno_2022-12-31,-0.09433298725256127,0.5281026579558818,-0.04686531454220681,0.508394816721922,-0.07656397263332503,0.49514465234076965,-0.08790130942976337,0.4934135692708921
732737,james-tarkowski_2022-12-31,0.0038826528409861743,0.49664887581554273,-0.038438525834359166,0.5130376738710074,0.007187881052488595,0.5079063319352873,0.02350621449360747,0.5146494904142489
813691,seamus-coleman_2022-12-31,0.0038826528409861743,0.49664887581554273,-0.038438525834359166,0.5130376738710074,0.007187881052488595,0.5079063319352873,0.02350621449360747,0.5146494904142489
100008,max-kilman_2022-12-31,-0.09433298725256127,0.5281026579558818,-0.04686531454220681,0.508394816721922,-0.07656397263332503,0.49514465234076965,-0.08790130942976337,0.4934135692708921
716410,ben-godfrey_2022-12-31,0.0038826528409861743,0.49664887581554273,-0.038438525834359166,0.5130376738710074,0.007187881052488595,0.5079063319352873,0.02350621449360747,0.5146494904142489
762674,wassim-keddari-boulif_2022-12-31,-0.06949338475903756,0.4756712939714117,-0.06588164661057345,0.4840564020098147,-0.10513328074754709,0.49916297440714796,-0.10671296297986108,0.5153574470545247
752274,ashley-young_2023-01-01,0.07816797054465217,0.5152091057920657,0.09193753812206423,0.5175677320779623,0.08585537647674982,0.5193892133780069,0.06479216988169167,0.5316216744249477
656606,joe-worrall_2023-01-01,-0.13581363712045527,0.5724619198788786,-0.13794353946926602,0.534074713110446,-0.11134445448629124,0.512035592235356,-0.10848587784668567,0.5100333976367991
89025,kalidou-koulibaly_2023-01-01,0.13581363712045527,0.5724619198788786,0.13794353946926602,0.534074713110446,0.11134445448629124,0.512035592235356,0.10848587784668567,0.5100333976367991
313586,ben-mee_2023-01-02,-0.19806369219016284,0.5183307718425368,-0.16195206389811176,0.5503597818031645,-0.15773872754639034,0.5375807126174867,-0.12260250914946116,0.5322089384079614
103540,mads-bech-sorensen_2023-01-02,-0.19806369219016284,0.5183307718425368,-0.16195206389811176,0.5503597818031645,-0.15773872754639034,0.5375807126174867,-0.12260250914946116,0.5322089384079614
773644,mads-roerslev-rasmussen_2023-01-02,-0.19806369219016284,0.5183307718425368,-0.16195206389811176,0.5503597818031645,-0.15773872754639034,0.5375807126174867,-0.12260250914946116,0.5322089384079614
559315,rico-henry_2023-01-02,-0.19806369219016284,0.5183307718425368,-0.16195206389811176,0.5503597818031645,-0.15773872754639034,0.5375807126174867,-0.12260250914946116,0.5322089384079614
241891,adam-smith-1991-04-29_2023-01-03,-0.09433298725256127,0.5281026579558818,-0.04686531454220681,0.508394816721922,-0.07656397263332503,0.49514465234076965,-0.08790130942976337,0.4934135692708921
654306,lloyd-kelly_2023-01-03,-0.09433298725256127,0.5281026579558818,-0.04686531454220681,0.508394816721922,-0.07656397263332503,0.49514465234076965,-0.08790130942976337,0.4934135692708921
732736,james-tarkowski_2023-01-03,0.0038826528409861743,0.49664887581554273,-0.038438525834359166,0.5130376738710074,0.007187881052488595,0.5079063319352873,0.02350621449360747,0.5146494904142489
416929,marcos-senesi_2023-01-03,-0.09433298725256127,0.5281026579558818,-0.04686531454220681,0.508394816721922,-0.07656397263332503,0.49514465234076965,-0.08790130942976337,0.4934135692708921
813690,seamus-coleman_2023-01-03,0.0038826528409861743,0.49664887581554273,-0.038438525834359166,0.5130376738710074,0.007187881052488595,0.5079063319352873,0.02350621449360747,0.5146494904142489
752273,ashley-young_2023-01-04,0.07816797054465217,0.5152091057920657,0.09193753812206423,0.5175677320779623,0.08585537647674982,0.5193892133780069,0.06479216988169167,0.5316216744249477
588626,hugo-bueno_2023-01-04,-0.07816797054465217,0.5152091057920657,-0.09193753812206423,0.5175677320779623,-0.08585537647674982,0.5193892133780069,-0.06479216988169167,0.5316216744249477
22493,charalampos-lykogiannis_2023-01-04,-0.024970530180047235,0.5417970594746166,-0.04012260186454375,0.5387596651755363,-0.05768478160929959,0.5312303563262643,-0.08758698737586519,0.5375048516802126
837074,federico-julian-fazio_2023-01-04,-0.10887651727357615,0.5674318394024277,-0.13282878269745174,0.5506755487909452,-0.13496722988232465,0.5202316372697459,-0.11658124657949798,0.5242732224272216
539654,craig-dawson_2023-01-04,-0.005802092943486396,0.5136682249899466,0.015271756156252442,0.5082665390009293,0.025832229397695552,0.5200212635054349,0.053501819956872115,0.5097497069240842
549100,nathaniel-edwin-clyne_2023-01-04,-0.08982683539864383,0.4623831251490826,-0.07664410835004548,0.4936855619085405,-0.11799307564963649,0.5124985340951149,-0.101290578019234,0.5225932749984661
616933,bakary-adama-soumaoro_2023-01-04,-0.024970530180047235,0.5417970594746166,-0.04012260186454375,0.5387596651755363,-0.05768478160929959,0.5312303563262643,-0.08758698737586519,0.5375048516802126
699051,domagoj-bradaric_2023-01-04,-0.10887651727357615,0.5674318394024277,-0.13282878269745174,0.5506755487909452,-0.13496722988232465,0.5202316372697459,-0.11658124657949798,0.5242732224272216
100007,max-kilman_2023-01-04,-0.07816797054465217,0.5152091057920657,-0.09193753812206423,0.5175677320779623,-0.08585537647674982,0.5193892133780069,-0.06479216988169167,0.5316216744249477
750994,joel-ward_2023-01-04,-0.08982683539864383,0.4623831251490826,-0.07664410835004548,0.4936855619085405,-0.11799307564963649,0.5124985340951149,-0.101290578019234,0.5225932749984661
219641,emanuele-valeri_2023-01-04,-0.15104888344226586,0.5578949579831932,-0.09547419297296753,0.5504679025302492,-0.08841885362898363,0.5264534371166159,-0.07916400812439747,0.5257960286262082
89024,kalidou-koulibaly_2023-01-05,0.13581363712045527,0.5724619198788786,0.13794353946926602,0.534074713110446,0.11134445448629124,0.512035592235356,0.10848587784668567,0.5100333976367991
820934,luca-caldirola_2023-01-07,-0.04222186310421604,0.5531760396466281,-0.026687940952192513,0.5505137244524407,-0.05526367007020721,0.5382713416755145,-0.05550262840315287,0.5286383896538739
348362,armando-izzo_2023-01-07,-0.04222186310421604,0.5531760396466281,-0.026687940952192513,0.5505137244524407,-0.05526367007020721,0.5382713416755145,-0.05550262840315287,0.5286383896538739
570723,nehuen-perez_2023-01-07,-0.1811720263863122,0.5417062117776408,-0.16611045491428902,0.549800584880417,-0.11988598028473199,0.5317345886310768,-0.1060318589853802,0.5256752614711004
58494,samuele-birindelli_2023-01-07,-0.04222186310421604,0.5531760396466281,-0.026687940952192513,0.5505137244524407,-0.05526367007020721,0.5382713416755145,-0.05550262840315287,0.5286383896538739
210016,pablo-mari-villar_2023-01-07,-0.04222186310421604,0.5531760396466281,-0.026687940952192513,0.5505137244524407,-0.05526367007020721,0.5382713416755145,-0.05550262840315287,0.5286383896538739
766092,kingsley-ehizibue_2023-01-07,-0.1811720263863122,0.5417062117776408,-0.16611045491428902,0.549800584880417,-0.11988598028473199,0.5317345886310768,-0.1060318589853802,0.5256752614711004
18021,enzo-ebosse_2023-01-07,-0.1811720263863122,0.5417062117776408,-0.16611045491428902,0.549800584880417,-0.11988598028473199,0.5317345886310768,-0.1060318589853802,0.5256752614711004
426289,cedric-hountondji_2023-01-11,-0.06952393392048561,0.4980700033409395,-0.0775768652820856,0.5136814173261447,-0.08804100763638886,0.5313070858424515,-0.10859740837824863,0.5204555083437838
445201,souleyman-doumbia_2023-01-11,-0.06952393392048561,0.4980700033409395,-0.0775768652820856,0.5136814173261447,-0.08804100763638886,0.5313070858424515,-0.10859740837824863,0.5204555083437838
31198,abdoulaye-bamba_2023-01-11,-0.06952393392048561,0.4980700033409395,-0.0775768652820856,0.5136814173261447,-0.08804100763638886,0.5313070858424515,-0.10859740837824863,0.5204555083437838
89023,kalidou-koulibaly_2023-01-12,0.13581363712045527,0.5724619198788786,0.13794353946926602,0.534074713110446,0.11134445448629124,0.512035592235356,0.10848587784668567,0.5100333976367991
101302,tim-ream_2023-01-12,-0.13581363712045527,0.5724619198788786,-0.13794353946926602,0.534074713110446,-0.11134445448629124,0.512035592235356,-0.10848587784668567,0.5100333976367991
129731,kenny-tete_2023-01-12,-0.13581363712045527,0.5724619198788786,-0.13794353946926602,0.534074713110446,-0.11134445448629124,0.512035592235356,-0.10848587784668567,0.5100333976367991
375761,antonee-robinson_2023-01-12,-0.13581363712045527,0.5724619198788786,-0.13794353946926602,0.534074713110446,-0.11134445448629124,0.512035592235356,-0.10848587784668567,0.5100333976367991
755578,oluwatosin-adarabioyo_2023-01-12,-0.13581363712045527,0.5724619198788786,-0.13794353946926602,0.534074713110446,-0.11134445448629124,0.512035592235356,-0.10848587784668567,0.5100333976367991
752272,ashley-young_2023-01-13,0.09395292207792208,0.5000117243867243,0.08606044631128712,0.507610415089395,0.101820985421061,0.5115581114694766,0.07389084590907864,0.5207009240368676
130306,antonino-gallo_2023-01-14,-0.06507446752982464,0.5392310814185818,-0.0869754924017004,0.5533314604105047,-0.12873769573118204,0.5261524891945625,-0.1101428991982888,0.5261429548011416
486001,duje-caleta-car_2023-01-14,0.0014200209512709523,0.5013016497391495,-0.001231315944857611,0.4989752627773461,0.006167947808676974,0.5096500183235599,-0.019154120213404815,0.5140424765467628
543776,giangiacomo-magnani_2023-01-14,-0.024969831511839697,0.565364190302715,-0.033595847308027865,0.5592701149746715,-0.03541902325188033,0.5499470594392585,-0.05301692954770503,0.5314642690510162
588625,hugo-bueno_2023-01-14,-0.04846860590139221,0.5398698678726612,-0.021333256478952907,0.526769046431304,-0.04203173810529022,0.5159620940078045,-0.04194175825966751,0.5108784586658612
340677,mohamed-salisu-abdul-karim_2023-01-14,0.0014200209512709523,0.5013016497391495,-0.001231315944857611,0.4989752627773461,0.006167947808676974,0.5096500183235599,-0.019154120213404815,0.5140424765467628
218036,fabio-depaoli_2023-01-14,-0.024969831511839697,0.565364190302715,-0.033595847308027865,0.5592701149746715,-0.03541902325188033,0.5499470594392585,-0.05301692954770503,0.5314642690510162
495390,federico-baschirotto_2023-01-14,-0.06507446752982464,0.5392310814185818,-0.0869754924017004,0.5533314604105047,-0.12873769573118204,0.5261524891945625,-0.1101428991982888,0.5261429548011416
100006,max-kilman_2023-01-14,-0.04846860590139221,0.5398698678726612,-0.021333256478952907,0.526769046431304,-0.04203173810529022,0.5159620940078045,-0.04194175825966751,0.5108784586658612
700464,romain-perraud_2023-01-14,0.0014200209512709523,0.5013016497391495,-0.001231315944857611,0.4989752627773461,0.006167947808676974,0.5096500183235599,-0.019154120213404815,0.5140424765467628
161579,giuseppe-pezzella_2023-01-14,-0.06507446752982464,0.5392310814185818,-0.0869754924017004,0.5533314604105047,-0.12873769573118204,0.5261524891945625,-0.1101428991982888,0.5261429548011416
813689,seamus-coleman_2023-01-14,-0.0014200209512709523,0.5013016497391495,0.001231315944857611,0.4989752627773461,-0.006167947808676974,0.5096500183235599,0.019154120213404815,0.5140424765467628
716408,ben-godfrey_2023-01-14,-0.0014200209512709523,0.5013016497391495,0.001231315944857611,0.4989752627773461,-0.006167947808676974,0.5096500183235599,0.019154120213404815,0.5140424765467628
732735,james-tarkowski_2023-01-14,-0.0014200209512709523,0.5013016497391495,0.001231315944857611,0.4989752627773461,-0.006167947808676974,0.5096500183235599,0.019154120213404815,0.5140424765467628
840695,federico-ceccherini_2023-01-14,-0.024969831511839697,0.565364190302715,-0.033595847308027865,0.5592701149746715,-0.03541902325188033,0.5499470594392585,-0.05301692954770503,0.5314642690510162
673558,tyrick-mitchell_2023-01-15,-0.13581363712045527,0.5724619198788786,-0.13794353946926602,0.534074713110446,-0.11134445448629124,0.512035592235356,-0.10848587784668567,0.5100333976367991
675355,sergio-akieme-rodriguez_2023-01-15,-0.01281658988493521,0.5543735790588306,-0.04540652361766257,0.5411447546812007,-0.053680307416736295,0.5274231583394934,-0.057495917354129525,0.5224348098749052
161015,felipe-augusto-de-almeida-monteiro_2023-01-15,0.01281658988493521,0.5543735790588306,0.04540652361766257,0.5411447546812007,0.053680307416736295,0.5274231583394934,0.057495917354129525,0.5224348098749052
156657,juan-brandariz-movilla_2023-01-15,-0.01281658988493521,0.5543735790588306,-0.04540652361766257,0.5411447546812007,-0.053680307416736295,0.5274231583394934,-0.057495917354129525,0.5224348098749052
549099,nathaniel-edwin-clyne_2023-01-15,-0.13581363712045527,0.5724619198788786,-0.13794353946926602,0.534074713110446,-0.11134445448629124,0.512035592235356,-0.10848587784668567,0.5100333976367991
830944,alejandro-pozo-pozo_2023-01-15,-0.01281658988493521,0.5543735790588306,-0.04540652361766257,0.5411447546812007,-0.053680307416736295,0.5274231583394934,-0.057495917354129525,0.5224348098749052
101301,tim-ream_2023-01-15,-0.0800433097564245,0.4671887311231574,-0.0744650598724647,0.46950538251073126,-0.04260507784683389,0.47926528810512337,-0.05705318137097074,0.5049746250451156
358253,james-tomkins_2023-01-15,-0.13581363712045527,0.5724619198788786,-0.13794353946926602,0.534074713110446,-0.11134445448629124,0.512035592235356,-0.10848587784668567,0.5100333976367991
749729,rodrigo-ely_2023-01-15,-0.01281658988493521,0.5543735790588306,-0.04540652361766257,0.5411447546812007,-0.053680307416736295,0.5274231583394934,-0.057495917354129525,0.5224348098749052
207899,issa-diop_2023-01-15,-0.0800433097564245,0.4671887311231574,-0.0744650598724647,0.46950538251073126,-0.04260507784683389,0.47926528810512337,-0.05705318137097074,0.5049746250451156
89022,kalidou-koulibaly_2023-01-15,0.13581363712045527,0.5724619198788786,0.13794353946926602,0.534074713110446,0.11134445448629124,0.512035592235356,0.10848587784668567,0.5100333976367991
129730,kenny-tete_2023-01-15,-0.0800433097564245,0.4671887311231574,-0.0744650598724647,0.46950538251073126,-0.04260507784683389,0.47926528810512337,-0.05705318137097074,0.5049746250451156
755577,oluwatosin-adarabioyo_2023-01-15,-0.0800433097564245,0.4671887311231574,-0.0744650598724647,0.46950538251073126,-0.04260507784683389,0.47926528810512337,-0.05705318137097074,0.5049746250451156
467062,marcel-halstenberg_2023-01-20,-0.18853457051131467,0.5538016096737027,-0.13014210966496448,0.5263103847205692,-0.11520343934620514,0.5123002502661795,-0.09399255594340591,0.5184852526042236
554992,luis-jesus-perez-maqueda_2023-01-21,-0.07391544931385562,0.5264562385379119,-0.043366019599395414,0.5404149087983712,-0.06136197627027233,0.5298400294203375,-0.061300138783843786,0.5228507376185162
486000,duje-caleta-car_2023-01-21,-0.09843406344421284,0.5309559411961161,-0.09619349276106745,0.5154838327914202,-0.09406551544156586,0.5165257824346913,-0.07759172271193489,0.5169829137027325
459097,javier-sanchez-de-felipe_2023-01-21,-0.07391544931385562,0.5264562385379119,-0.043366019599395414,0.5404149087983712,-0.06136197627027233,0.5298400294203375,-0.061300138783843786,0.5228507376185162
549097,nathaniel-edwin-clyne_2023-01-21,-0.127143982163312,0.4970250368188514,-0.10359364595986825,0.48210688397100443,-0.07905405105092625,0.4844642348465604,-0.06682670143420541,0.5015370893539841
190508,lucas-rene-olaza-catrofe_2023-01-21,-0.07391544931385562,0.5264562385379119,-0.043366019599395414,0.5404149087983712,-0.06136197627027233,0.5298400294203375,-0.061300138783843786,0.5228507376185162
190666,marc-cucurella-saseta_2023-01-21,0.13581363712045527,0.5724619198788786,0.13794353946926602,0.534074713110446,0.11134445448629124,0.512035592235356,0.10848587784668567,0.5100333976367991
375457,thiago-emiliano-da-silva_2023-01-21,0.13581363712045527,0.5724619198788786,0.13794353946926602,0.534074713110446,0.11134445448629124,0.512035592235356,0.10848587784668567,0.5100333976367991
719821,lucas-oliveira-rosa_2023-01-21,-0.07391544931385562,0.5264562385379119,-0.043366019599395414,0.5404149087983712,-0.06136197627027233,0.5298400294203375,-0.061300138783843786,0.5228507376185162
362927,trevoh-chalobah_2023-01-21,0.13581363712045527,0.5724619198788786,0.13794353946926602,0.534074713110446,0.11134445448629124,0.512035592235356,0.10848587784668567,0.5100333976367991
822043,chris-richards_2023-01-21,-0.127143982163312,0.4970250368188514,-0.10359364595986825,0.48210688397100443,-0.07905405105092625,0.4844642348465604,-0.06682670143420541,0.5015370893539841
673556,tyrick-mitchell_2023-01-21,-0.127143982163312,0.4970250368188514,-0.10359364595986825,0.48210688397100443,-0.07905405105092625,0.4844642348465604,-0.06682670143420541,0.5015370893539841
340676,mohamed-salisu-abdul-karim_2023-01-21,-0.09843406344421284,0.5309559411961161,-0.09619349276106745,0.5154838327914202,-0.09406551544156586,0.5165257824346913,-0.07759172271193489,0.5169829137027325
700463,romain-perraud_2023-01-21,-0.09843406344421284,0.5309559411961161,-0.09619349276106745,0.5154838327914202,-0.09406551544156586,0.5165257824346913,-0.07759172271193489,0.5169829137027325
789971,david-torres-ortiz_2023-01-21,-0.07391544931385562,0.5264562385379119,-0.043366019599395414,0.5404149087983712,-0.06136197627027233,0.5298400294203375,-0.061300138783843786,0.5228507376185162
752271,ashley-young_2023-01-21,0.09843406344421284,0.5309559411961161,0.09619349276106745,0.5154838327914202,0.09406551544156586,0.5165257824346913,0.07759172271193489,0.5169829137027325
732734,james-tarkowski_2023-01-21,0.0027916793044181587,0.5142958244869072,0.0006858291765736032,0.5077987371130284,-0.018876348328892782,0.5104182054920179,0.0023283583145303315,0.512020325610729
750991,joel-ward_2023-01-21,-0.127143982163312,0.4970250368188514,-0.10359364595986825,0.48210688397100443,-0.07905405105092625,0.4844642348465604,-0.06682670143420541,0.5015370893539841
813688,seamus-coleman_2023-01-21,0.0027916793044181587,0.5142958244869072,0.0006858291765736032,0.5077987371130284,-0.018876348328892782,0.5104182054920179,0.0023283583145303315,0.512020325610729
284559,kelvin-amian-adou_2023-01-22,-0.07835085763554435,0.5312164022394202,-0.05166069390779579,0.5365067308570184,-0.05848790990891496,0.5404260800842795,-0.07123023678441817,0.5358504837406783
76141,mads-pedersen_2023-01-22,-0.11683884297520661,0.3852961432506887,-0.15829456343966836,0.4641482708563131,-0.1972476114883029,0.4697212106883697,-0.18476927194345166,0.4762124929329422
842132,juan-antonio-iglesias-sanchez_2023-01-22,-0.21376375065376155,0.5460856537930773,-0.14162856770639956,0.5108784738822445,-0.0988387121477034,0.5119575868786164,-0.10629218383445081,0.5162197493010294
671166,robert-gumny_2023-01-22,-0.11683884297520661,0.3852961432506887,-0.15829456343966836,0.4641482708563131,-0.1972476114883029,0.4697212106883697,-0.18476927194345166,0.4762124929329422
145607,jordi-alba-ramos_2023-01-22,0.21376375065376155,0.5460856537930773,0.14162856770639956,0.5108784738822445,0.0988387121477034,0.5119575868786164,0.10629218383445081,0.5162197493010294
175614,felix-uduokhai_2023-01-22,-0.11683884297520661,0.3852961432506887,-0.15829456343966836,0.4641482708563131,-0.1972476114883029,0.4697212106883697,-0.18476927194345166,0.4762124929329422
199368,yuri-berchiche-izeta_2023-01-22,-0.15996451428495087,0.544063972109607,-0.16315331677630113,0.49756619357305343,-0.16315331677630113,0.49756619357305343,-0.16315331677630113,0.49756619357305343
55928,pedro-gaston-alvarez-sosa_2023-01-22,-0.21376375065376155,0.5460856537930773,-0.14162856770639956,0.5108784738822445,-0.0988387121477034,0.5119575868786164,-0.10629218383445081,0.5162197493010294
103297,jeffrey-gouweleeuw_2023-01-22,-0.11683884297520661,0.3852961432506887,-0.15829456343966836,0.4641482708563131,-0.1972476114883029,0.4697212106883697,-0.18476927194345166,0.4762124929329422
317020,daniel-vivian-moreno_2023-01-22,-0.15996451428495087,0.544063972109607,-0.16315331677630113,0.49756619357305343,-0.16315331677630113,0.49756619357305343,-0.16315331677630113,0.49756619357305343
192496,joao-gervasio-braganca-moutinho_2023-01-22,-0.07835085763554435,0.5312164022394202,-0.05166069390779579,0.5365067308570184,-0.05848790990891496,0.5404260800842795,-0.07123023678441817,0.5358504837406783
574594,inigo-lekue-martinez_2023-01-22,-0.15996451428495087,0.544063972109607,-0.16315331677630113,0.49756619357305343,-0.16315331677630113,0.49756619357305343,-0.16315331677630113,0.49756619357305343
523456,rob-holding_2023-01-22,0.111942227304788,0.5281464490202359,0.15651742408167227,0.499756887211958,0.11628341502334216,0.5058889047421286,0.13209264653403704,0.5197773799322585
588624,hugo-bueno_2023-01-22,0.08295382395382396,0.5393638596852879,0.038920221419042174,0.530573953175705,-0.03281514277048462,0.5108934865576302,-0.018376178139671143,0.5282847307479284
100005,max-kilman_2023-01-22,0.08295382395382396,0.5393638596852879,0.038920221419042174,0.530573953175705,-0.03281514277048462,0.5108934865576302,-0.018376178139671143,0.5282847307479284
419814,djene-dakonam-ortega_2023-01-22,-0.21376375065376155,0.5460856537930773,-0.14162856770639956,0.5108784738822445,-0.0988387121477034,0.5119575868786164,-0.10629218383445081,0.5162197493010294
344838,oscar-de-marcos-arana_2023-01-22,-0.15996451428495087,0.544063972109607,-0.16315331677630113,0.49756619357305343,-0.16315331677630113,0.49756619357305343,-0.16315331677630113,0.49756619357305343
315317,damian-nicolas-suarez-suarez_2023-01-22,-0.21376375065376155,0.5460856537930773,-0.14162856770639956,0.5108784738822445,-0.0988387121477034,0.5119575868786164,-0.10629218383445081,0.5162197493010294
194707,domingos-sousa-coutinho-meneses-duarte_2023-01-22,-0.21376375065376155,0.5460856537930773,-0.14162856770639956,0.5108784738822445,-0.0988387121477034,0.5119575868786164,-0.10629218383445081,0.5162197493010294
35636,david-colina_2023-01-22,-0.11683884297520661,0.3852961432506887,-0.15829456343966836,0.4641482708563131,-0.1972476114883029,0.4697212106883697,-0.18476927194345166,0.4762124929329422
129729,kenny-tete_2023-01-23,-0.11550704365079363,0.5033771825396827,-0.014854733114108183,0.5237355581918084,-0.04574942073207683,0.5087105600501745,-0.08157797760984821,0.5262186196343244
375759,antonee-robinson_2023-01-23,-0.11550704365079363,0.5033771825396827,-0.014854733114108183,0.5237355581918084,-0.04574942073207683,0.5087105600501745,-0.08157797760984821,0.5262186196343244
207898,issa-diop_2023-01-23,-0.11550704365079363,0.5033771825396827,-0.014854733114108183,0.5237355581918084,-0.04574942073207683,0.5087105600501745,-0.08157797760984821,0.5262186196343244
664367,sebastiano-luperto_2023-01-23,-0.11777019057369599,0.53930818207134,-0.07137001104276784,0.5523361861870275,-0.04902897599748017,0.5514249553197341,-0.057007962897328734,0.5307891714930525
378666,sebastian-walukiewicz_2023-01-23,-0.11777019057369599,0.53930818207134,-0.07137001104276784,0.5523361861870275,-0.04902897599748017,0.5514249553197341,-0.057007962897328734,0.5307891714930525
673048,tyronne-ebuehi_2023-01-23,-0.11777019057369599,0.53930818207134,-0.07137001104276784,0.5523361861870275,-0.04902897599748017,0.5514249553197341,-0.057007962897328734,0.5307891714930525
101300,tim-ream_2023-01-23,-0.11550704365079363,0.5033771825396827,-0.014854733114108183,0.5237355581918084,-0.04574942073207683,0.5087105600501745,-0.08157797760984821,0.5262186196343244
163405,emerson-aparecido-leite-de-souza-junior_2023-01-23,0.11550704365079363,0.5033771825396827,0.014854733114108183,0.5237355581918084,0.04574942073207683,0.5087105600501745,0.08157797760984821,0.5262186196343244
242597,koni-de-winter_2023-01-23,-0.11777019057369599,0.53930818207134,-0.07137001104276784,0.5523361861870275,-0.04902897599748017,0.5514249553197341,-0.057007962897328734,0.5307891714930525
762012,benno-schmitz_2023-01-24,-0.18853457051131467,0.5538016096737027,-0.13014210966496448,0.5263103847205692,-0.11520343934620514,0.5123002502661795,-0.09399255594340591,0.5184852526042236
323451,nikola-soldo_2023-01-24,-0.18853457051131467,0.5538016096737027,-0.13014210966496448,0.5263103847205692,-0.11520343934620514,0.5123002502661795,-0.09399255594340591,0.5184852526042236
150525,julian-chabot_2023-01-24,-0.18853457051131467,0.5538016096737027,-0.13014210966496448,0.5263103847205692,-0.11520343934620514,0.5123002502661795,-0.09399255594340591,0.5184852526042236
710509,andreas-hanche-olsen_2023-01-25,-0.16790404040404042,0.42383634883634913,-0.1423714416896235,0.40456624604351893,-0.19412906161342391,0.47168906321793114,-0.17731294850498536,0.46866680119082194
4607,anthony-caci_2023-01-25,-0.16790404040404042,0.42383634883634913,-0.1423714416896235,0.40456624604351893,-0.19412906161342391,0.47168906321793114,-0.17731294850498536,0.46866680119082194
616778,aaron-martin-caricol_2023-01-25,-0.16790404040404042,0.42383634883634913,-0.1423714416896235,0.40456624604351893,-0.19412906161342391,0.47168906321793114,-0.17731294850498536,0.46866680119082194
498364,silvan-widmer_2023-01-25,-0.16790404040404042,0.42383634883634913,-0.1423714416896235,0.40456624604351893,-0.19412906161342391,0.47168906321793114,-0.17731294850498536,0.46866680119082194
608337,valery-fernandez-estrada_2023-01-28,-0.21376375065376155,0.5460856537930773,-0.14162856770639956,0.5108784738822445,-0.0988387121477034,0.5119575868786164,-0.10629218383445081,0.5162197493010294
279951,matteo-bianchetti_2023-01-28,-0.010108443861103428,0.503680068158791,-0.0639393172173997,0.5214941251150655,-0.048767582262713785,0.5403821200448686,-0.05779529948850804,0.5291395761464481
145606,jordi-alba-ramos_2023-01-28,0.21376375065376155,0.5460856537930773,0.14162856770639956,0.5108784738822445,0.0988387121477034,0.5119575868786164,0.10629218383445081,0.5162197493010294
89528,miguel-gutierrez-ortega_2023-01-28,-0.21376375065376155,0.5460856537930773,-0.14162856770639956,0.5108784738822445,-0.0988387121477034,0.5119575868786164,-0.10629218383445081,0.5162197493010294
612456,juan-pedro-ramirez-lopez_2023-01-28,-0.21376375065376155,0.5460856537930773,-0.14162856770639956,0.5108784738822445,-0.0988387121477034,0.5119575868786164,-0.10629218383445081,0.5162197493010294
765945,bernardo-jose-espinosa-zuniga_2023-01-28,-0.21376375065376155,0.5460856537930773,-0.14162856770639956,0.5108784738822445,-0.0988387121477034,0.5119575868786164,-0.10629218383445081,0.5162197493010294
136733,yan-bueno-couto_2023-01-28,-0.21376375065376155,0.5460856537930773,-0.14162856770639956,0.5108784738822445,-0.0988387121477034,0.5119575868786164,-0.10629218383445081,0.5162197493010294
219637,emanuele-valeri_2023-01-28,-0.010108443861103428,0.503680068158791,-0.0639393172173997,0.5214941251150655,-0.048767582262713785,0.5403821200448686,-0.05779529948850804,0.5291395761464481
749176,leonardo-sernicola_2023-01-28,-0.010108443861103428,0.503680068158791,-0.0639393172173997,0.5214941251150655,-0.048767582262713785,0.5403821200448686,-0.05779529948850804,0.5291395761464481
348359,armando-izzo_2023-01-29,-0.009605869004209249,0.5069330842048687,-0.09538894769526073,0.5243196479912547,-0.09543157033411413,0.5373937752607519,-0.09013306658514487,0.5222006561692764
44051,emmanuel-agbadou_2023-01-29,-0.10378351530005941,0.5479405929038282,-0.08584102175275565,0.5253156798670857,-0.09388804960881535,0.5137336542346999,-0.10424960141390952,0.5218367673568203
428534,nico-schlotterbeck_2023-01-29,0.16790404040404042,0.42383634883634913,0.1423714416896235,0.40456624604351893,0.19412906161342391,0.47168906321793114,0.17731294850498536,0.46866680119082194
87041,giorgos-kiriakopoulos_2023-01-29,0.04430957676370522,0.5222295543396462,0.025548831136850417,0.5364825702693579,0.0032628284209399623,0.521652201024031,-0.06585220073069235,0.5209419191468885
293617,ruan-tressoldi-netto_2023-01-29,0.04430957676370522,0.5222295543396462,0.025548831136850417,0.5364825702693579,0.0032628284209399623,0.521652201024031,-0.06585220073069235,0.5209419191468885
513015,marius-wolf_2023-01-29,0.16790404040404042,0.42383634883634913,0.1423714416896235,0.40456624604351893,0.19412906161342391,0.47168906321793114,0.17731294850498536,0.46866680119082194
499749,diego-moreno-garbayo_2023-01-29,0.0344716851576608,0.5376966642210549,-0.019721882078097407,0.5320764513794833,-0.03256420284787999,0.5366106030303421,-0.05564692936925362,0.5278808736568061
79326,riccardo-marchizza_2023-01-29,0.04430957676370522,0.5222295543396462,0.025548831136850417,0.5364825702693579,0.0032628284209399623,0.521652201024031,-0.06585220073069235,0.5209419191468885
386580,yunis-abdelhamid_2023-01-29,-0.10378351530005941,0.5479405929038282,-0.08584102175275565,0.5253156798670857,-0.09388804960881535,0.5137336542346999,-0.10424960141390952,0.5218367673568203
322365,niklas-sule_2023-01-29,0.16790404040404042,0.42383634883634913,0.1423714416896235,0.40456624604351893,0.19412906161342391,0.47168906321793114,0.17731294850498536,0.46866680119082194
579120,marlon-santos-da-silva-barbosa_2023-01-29,-0.009605869004209249,0.5069330842048687,-0.09538894769526073,0.5243196479912547,-0.09543157033411413,0.5373937752607519,-0.09013306658514487,0.5222006561692764
476279,thomas-foket_2023-01-29,-0.10378351530005941,0.5479405929038282,-0.08584102175275565,0.5253156798670857,-0.09388804960881535,0.5137336542346999,-0.10424960141390952,0.5218367673568203
262276,mats-hummels_2023-01-29,0.16790404040404042,0.42383634883634913,0.1423714416896235,0.40456624604351893,0.19412906161342391,0.47168906321793114,0.17731294850498536,0.46866680119082194
210013,pablo-mari-villar_2023-01-29,-0.009605869004209249,0.5069330842048687,-0.09538894769526073,0.5243196479912547,-0.09543157033411413,0.5373937752607519,-0.09013306658514487,0.5222006561692764
379039,diego-rico-salguero_2023-01-29,-0.15996451428495087,0.544063972109607,-0.16315331677630113,0.49756619357305343,-0.16315331677630113,0.49756619357305343,-0.16315331677630113,0.49756619357305343
820931,luca-caldirola_2023-01-29,-0.009605869004209249,0.5069330842048687,-0.09538894769526073,0.5243196479912547,-0.09543157033411413,0.5373937752607519,-0.09013306658514487,0.5222006561692764
23164,rogerio-oliveira-da-silva_2023-01-29,0.04430957676370522,0.5222295543396462,0.025548831136850417,0.5364825702693579,0.0032628284209399623,0.521652201024031,-0.06585220073069235,0.5209419191468885
206047,thibault-de-smet_2023-01-29,-0.10378351530005941,0.5479405929038282,-0.08584102175275565,0.5253156798670857,-0.09388804960881535,0.5137336542346999,-0.10424960141390952,0.5218367673568203
698007,aridane-hernandez-umpierrez_2023-01-29,0.0344716851576608,0.5376966642210549,-0.019721882078097407,0.5320764513794833,-0.03256420284787999,0.5366106030303421,-0.05564692936925362,0.5278808736568061
521867,gianmarco-ferrari_2023-01-29,0.04430957676370522,0.5222295543396462,0.025548831136850417,0.5364825702693579,0.0032628284209399623,0.521652201024031,-0.06585220073069235,0.5209419191468885
58491,samuele-birindelli_2023-01-29,-0.009605869004209249,0.5069330842048687,-0.09538894769526073,0.5243196479912547,-0.09543157033411413,0.5373937752607519,-0.09013306658514487,0.5222006561692764
42238,luiz-felipe-ramos-marchi_2023-02-01,-0.03722627872842461,0.5340650527345807,-0.1254950146910931,0.5400753532638289,-0.09568833065083326,0.5120658776368219,-0.09572895309634838,0.5133632394708412
269057,christ-emmanuel-faitout-maouassa_2023-02-01,-0.06613051529433783,0.5450758314495522,-0.08495701529719862,0.5465082121766902,-0.0930396949522784,0.525485111261853,-0.09054035129433363,0.5283960985521523
126431,christopher-jullien_2023-02-01,-0.06613051529433783,0.5450758314495522,-0.08495701529719862,0.5465082121766902,-0.0930396949522784,0.525485111261853,-0.09054035129433363,0.5283960985521523
557399,boubakar-kouyate_2023-02-01,-0.06613051529433783,0.5450758314495522,-0.08495701529719862,0.5465082121766902,-0.0930396949522784,0.525485111261853,-0.09054035129433363,0.5283960985521523
243311,sergio-ramos-garcia_2023-02-01,0.06613051529433783,0.5450758314495522,0.08495701529719862,0.5465082121766902,0.0930396949522784,0.525485111261853,0.09054035129433363,0.5283960985521523
3560,enzo-tchato-mbiayi_2023-02-01,-0.06613051529433783,0.5450758314495522,-0.08495701529719862,0.5465082121766902,-0.0930396949522784,0.525485111261853,-0.09054035129433363,0.5283960985521523
59076,falaye-sacko_2023-02-01,-0.06613051529433783,0.5450758314495522,-0.08495701529719862,0.5465082121766902,-0.0930396949522784,0.525485111261853,-0.09054035129433363,0.5283960985521523
466290,maxime-esteve_2023-02-01,-0.06613051529433783,0.5450758314495522,-0.08495701529719862,0.5465082121766902,-0.0930396949522784,0.525485111261853,-0.09054035129433363,0.5283960985521523
1663,dimitri-foulquier_2023-02-02,-0.15996451428495087,0.544063972109607,-0.16315331677630113,0.49756619357305343,-0.16315331677630113,0.49756619357305343,-0.16315331677630113,0.49756619357305343
474793,antonio-latorre-grueso_2023-02-02,-0.15996451428495087,0.544063972109607,-0.16315331677630113,0.49756619357305343,-0.16315331677630113,0.49756619357305343,-0.16315331677630113,0.49756619357305343
600504,gabriel-armando-de-abreu_2023-02-02,-0.15996451428495087,0.544063972109607,-0.16315331677630113,0.49756619357305343,-0.16315331677630113,0.49756619357305343,-0.16315331677630113,0.49756619357305343
101299,tim-ream_2023-02-03,-0.13581363712045527,0.5724619198788786,-0.13794353946926602,0.534074713110446,-0.11134445448629124,0.512035592235356,-0.10848587784668567,0.5100333976367991
129728,kenny-tete_2023-02-03,-0.13581363712045527,0.5724619198788786,-0.13794353946926602,0.534074713110446,-0.11134445448629124,0.512035592235356,-0.10848587784668567,0.5100333976367991
207897,issa-diop_2023-02-03,-0.13581363712045527,0.5724619198788786,-0.13794353946926602,0.534074713110446,-0.11134445448629124,0.512035592235356,-0.10848587784668567,0.5100333976367991
562381,layvin-kurzawa_2023-02-03,-0.13581363712045527,0.5724619198788786,-0.13794353946926602,0.534074713110446,-0.11134445448629124,0.512035592235356,-0.10848587784668567,0.5100333976367991
375456,thiago-emiliano-da-silva_2023-02-03,0.13581363712045527,0.5724619198788786,0.13794353946926602,0.534074713110446,0.11134445448629124,0.512035592235356,0.10848587784668567,0.5100333976367991
190665,marc-cucurella-saseta_2023-02-03,0.13581363712045527,0.5724619198788786,0.13794353946926602,0.534074713110446,0.11134445448629124,0.512035592235356,0.10848587784668567,0.5100333976367991
375758,antonee-robinson_2023-02-03,-0.13581363712045527,0.5724619198788786,-0.13794353946926602,0.534074713110446,-0.11134445448629124,0.512035592235356,-0.10848587784668567,0.5100333976367991
673046,tyronne-ebuehi_2023-02-04,-0.05726149978904072,0.5344979538512661,-0.08020615970525082,0.5385616859905036,-0.06593342680652331,0.537534208423761,-0.05903006393197842,0.5323088283279012
419812,djene-dakonam-ortega_2023-02-04,0.0344716851576608,0.5376966642210549,-0.019721882078097407,0.5320764513794833,-0.03256420284787999,0.5366106030303421,-0.05564692936925362,0.5278808736568061
752270,ashley-young_2023-02-04,0.1628762426362298,0.5096414252986419,0.13065515304022132,0.520298683247379,0.10835779967575423,0.513954549168387,0.10156663783963793,0.5184067216149426
242595,koni-de-winter_2023-02-04,-0.05726149978904072,0.5344979538512661,-0.08020615970525082,0.5385616859905036,-0.06593342680652331,0.537534208423761,-0.05903006393197842,0.5323088283279012
428533,nico-schlotterbeck_2023-02-04,0.06499006458022855,0.4219489981785062,0.11644705249213448,0.42289267350742765,0.1373708079659014,0.4435204721818704,0.16869483937608792,0.4740554423030045
315315,damian-nicolas-suarez-suarez_2023-02-04,0.0344716851576608,0.5376966642210549,-0.019721882078097407,0.5320764513794833,-0.03256420284787999,0.5366106030303421,-0.05564692936925362,0.5278808736568061
664365,sebastiano-luperto_2023-02-04,-0.05726149978904072,0.5344979538512661,-0.08020615970525082,0.5385616859905036,-0.06593342680652331,0.537534208423761,-0.05903006393197842,0.5323088283279012
313953,rayan-ait-nouri_2023-02-04,-0.0716468769325912,0.5030507111935684,-0.13485528456137702,0.5106907415180526,-0.13107971476332742,0.5231996045327314,-0.13560514470928614,0.527164311915256
539651,craig-dawson_2023-02-04,-0.0716468769325912,0.5030507111935684,-0.13485528456137702,0.5106907415180526,-0.13107971476332742,0.5231996045327314,-0.13560514470928614,0.527164311915256
732733,james-tarkowski_2023-02-04,-0.07141932337906912,0.4906248318536454,-0.03431382203732548,0.5024603281702763,-0.016541253046233936,0.5007177954738112,-0.015590532539439449,0.5057816545193782
141290,anthony-rouault_2023-02-04,-0.09481191532894864,0.4983989806092813,-0.08047121531164324,0.5217374060294168,-0.08315611853219944,0.5235265429482512,-0.07937855229849652,0.5197699037316568
813687,seamus-coleman_2023-02-04,-0.07141932337906912,0.4906248318536454,-0.03431382203732548,0.5024603281702763,-0.016541253046233936,0.5007177954738112,-0.015590532539439449,0.5057816545193782
549096,nathaniel-edwin-clyne_2023-02-04,-0.14265801364246952,0.47669400020436264,-0.1499108250936939,0.4786775492989361,-0.09838806981795037,0.49353618301042906,-0.10411188244566526,0.49380627916261555
822042,chris-richards_2023-02-04,-0.14265801364246952,0.47669400020436264,-0.1499108250936939,0.4786775492989361,-0.09838806981795037,0.49353618301042906,-0.10411188244566526,0.49380627916261555
513014,marius-wolf_2023-02-04,0.06499006458022855,0.4219489981785062,0.11644705249213448,0.42289267350742765,0.1373708079659014,0.4435204721818704,0.16869483937608792,0.4740554423030045
55926,pedro-gaston-alvarez-sosa_2023-02-04,0.0344716851576608,0.5376966642210549,-0.019721882078097407,0.5320764513794833,-0.03256420284787999,0.5366106030303421,-0.05564692936925362,0.5278808736568061
473360,rasmus-nicolaisen_2023-02-04,-0.09481191532894864,0.4983989806092813,-0.08047121531164324,0.5217374060294168,-0.08315611853219944,0.5235265429482512,-0.07937855229849652,0.5197699037316568
100004,max-kilman_2023-02-04,-0.0716468769325912,0.5030507111935684,-0.13485528456137702,0.5106907415180526,-0.13107971476332742,0.5231996045327314,-0.13560514470928614,0.527164311915256
673555,tyrick-mitchell_2023-02-04,-0.14265801364246952,0.47669400020436264,-0.1499108250936939,0.4786775492989361,-0.09838806981795037,0.49353618301042906,-0.10411188244566526,0.49380627916261555
322364,niklas-sule_2023-02-04,0.06499006458022855,0.4219489981785062,0.11644705249213448,0.42289267350742765,0.1373708079659014,0.4435204721818704,0.16869483937608792,0.4740554423030045
767829,mikkel-desler_2023-02-04,-0.09481191532894864,0.4983989806092813,-0.08047121531164324,0.5217374060294168,-0.08315611853219944,0.5235265429482512,-0.07937855229849652,0.5197699037316568
194705,domingos-sousa-coutinho-meneses-duarte_2023-02-04,0.0344716851576608,0.5376966642210549,-0.019721882078097407,0.5320764513794833,-0.03256420284787999,0.5366106030303421,-0.05564692936925362,0.5278808736568061
40815,maxence-lacroix_2023-02-05,-0.18853457051131467,0.5538016096737027,-0.13014210966496448,0.5263103847205692,-0.11520343934620514,0.5123002502661795,-0.09399255594340591,0.5184852526042236
400261,pablo-maffeo-becerra_2023-02-05,-0.15996451428495087,0.544063972109607,-0.16315331677630113,0.49756619357305343,-0.16315331677630113,0.49756619357305343,-0.16315331677630113,0.49756619357305343
515390,matija-nastasic_2023-02-05,-0.15996451428495087,0.544063972109607,-0.16315331677630113,0.49756619357305343,-0.16315331677630113,0.49756619357305343,-0.16315331677630113,0.49756619357305343
111408,jaume-vicent-costa-jorda_2023-02-05,-0.15996451428495087,0.544063972109607,-0.16315331677630113,0.49756619357305343,-0.16315331677630113,0.49756619357305343,-0.16315331677630113,0.49756619357305343
552208,antonio-jose-raillo-arenas_2023-02-05,-0.15996451428495087,0.544063972109607,-0.16315331677630113,0.49756619357305343,-0.16315331677630113,0.49756619357305343,-0.16315331677630113,0.49756619357305343
46579,paulo-otavio-rosa-silva_2023-02-05,-0.18853457051131467,0.5538016096737027,-0.13014210966496448,0.5263103847205692,-0.11520343934620514,0.5123002502661795,-0.09399255594340591,0.5184852526042236
704304,giovanni-alessandro-gonzalez-apud_2023-02-05,-0.15996451428495087,0.544063972109607,-0.16315331677630113,0.49756619357305343,-0.16315331677630113,0.49756619357305343,-0.16315331677630113,0.49756619357305343
788701,sebastiaan-bornauw_2023-02-05,-0.18853457051131467,0.5538016096737027,-0.13014210966496448,0.5263103847205692,-0.11520343934620514,0.5123002502661795,-0.09399255594340591,0.5184852526042236
145604,jordi-alba-ramos_2023-02-05,0.03722627872842461,0.5340650527345807,0.1254950146910931,0.5400753532638289,0.09568833065083326,0.5120658776368219,0.09572895309634838,0.5133632394708412
163404,emerson-aparecido-leite-de-souza-junior_2023-02-05,0.11550704365079363,0.5033771825396827,0.014854733114108183,0.5237355581918084,0.04574942073207683,0.5087105600501745,0.08157797760984821,0.5262186196343244
411413,wilfried-stephane-singo_2023-02-10,-0.025942561424624203,0.49441386963808487,-0.019625139749526174,0.47725263885780195,0.002961845693662122,0.5068676045635798,-0.0364820664012745,0.5178081474242022
822336,levy-koffi-djidji_2023-02-10,-0.025942561424624203,0.49441386963808487,-0.019625139749526174,0.47725263885780195,0.002961845693662122,0.5068676045635798,-0.0364820664012745,0.5178081474242022
295774,alessandro-buongiorno_2023-02-10,-0.025942561424624203,0.49441386963808487,-0.019625139749526174,0.47725263885780195,0.002961845693662122,0.5068676045635798,-0.0364820664012745,0.5178081474242022
730658,perr-schuurs_2023-02-10,-0.025942561424624203,0.49441386963808487,-0.019625139749526174,0.47725263885780195,0.002961845693662122,0.5068676045635798,-0.0364820664012745,0.5178081474242022
292438,anthony-jung_2023-02-11,-0.06499006458022855,0.4219489981785062,-0.11644705249213448,0.42289267350742765,-0.1373708079659014,0.4435204721818704,-0.16869483937608792,0.4740554423030045
416925,marcos-senesi_2023-02-11,-0.0915885150869907,0.5004191596569648,-0.11949841736834481,0.5160242447749206,-0.11847771737534821,0.5102171382980945,-0.09876588421313723,0.49734068657232744
241887,adam-smith-1991-04-29_2023-02-11,-0.0915885150869907,0.5004191596569648,-0.11949841736834481,0.5160242447749206,-0.11847771737534821,0.5102171382980945,-0.09876588421313723,0.49734068657232744
477951,ethan-pinnock_2023-02-11,-0.13348269549177136,0.5049624290878418,-0.13646087849540528,0.5270463081448892,-0.14648915128853876,0.5134015976784236,-0.1300215885868498,0.5200689492115579
428790,samuel-yves-umtiti_2023-02-11,-0.05726149978904072,0.5344979538512661,-0.08020615970525082,0.5385616859905036,-0.06593342680652331,0.537534208423761,-0.05903006393197842,0.5323088283279012
766517,erhan-masovic_2023-02-11,-0.18853457051131467,0.5538016096737027,-0.13014210966496448,0.5263103847205692,-0.11520343934620514,0.5123002502661795,-0.09399255594340591,0.5184852526042236
142940,thomas-meunier_2023-02-11,0.06499006458022855,0.4219489981785062,0.11644705249213448,0.42289267350742765,0.1373708079659014,0.4435204721818704,0.16869483937608792,0.4740554423030045
517228,dan-burn_2023-02-11,0.0915885150869907,0.5004191596569648,0.11949841736834481,0.5160242447749206,0.11847771737534821,0.5102171382980945,0.09876588421313723,0.49734068657232744
375455,thiago-emiliano-da-silva_2023-02-11,0.13581363712045527,0.5724619198788786,0.13794353946926602,0.534074713110446,0.11134445448629124,0.512035592235356,0.10848587784668567,0.5100333976367991
34339,jordan-zemura_2023-02-11,-0.0915885150869907,0.5004191596569648,-0.11949841736834481,0.5160242447749206,-0.11847771737534821,0.5102171382980945,-0.09876588421313723,0.49734068657232744
130302,antonino-gallo_2023-02-11,-0.05726149978904072,0.5344979538512661,-0.08020615970525082,0.5385616859905036,-0.06593342680652331,0.537534208423761,-0.05903006393197842,0.5323088283279012
190664,marc-cucurella-saseta_2023-02-11,0.13581363712045527,0.5724619198788786,0.13794353946926602,0.534074713110446,0.11134445448629124,0.512035592235356,0.10848587784668567,0.5100333976367991
714850,ismail-jakobs_2023-02-11,-0.22279055435305437,0.5367290573087679,-0.1588012348410015,0.5175640189590246,-0.12187912506910006,0.5320361155678575,-0.10561437250691097,0.5205539147022189
287638,japhet-tanganga_2023-02-11,0.16935982469377472,0.5442623504803844,0.14243343417228418,0.5238197665100335,0.07222403158015873,0.5135291480032709,0.08197820796523791,0.5218629760678777
62269,milos-veljkovic_2023-02-11,-0.06499006458022855,0.4219489981785062,-0.11644705249213448,0.42289267350742765,-0.1373708079659014,0.4435204721818704,-0.16869483937608792,0.4740554423030045
357040,eric-dier_2023-02-11,0.16935982469377472,0.5442623504803844,0.14243343417228418,0.5238197665100335,0.07222403158015873,0.5135291480032709,0.08197820796523791,0.5218629760678777
322363,niklas-sule_2023-02-11,0.06499006458022855,0.4219489981785062,0.11644705249213448,0.42289267350742765,0.1373708079659014,0.4435204721818704,0.16869483937608792,0.4740554423030045
61354,reece-james_2023-02-11,0.13581363712045527,0.5724619198788786,0.13794353946926602,0.534074713110446,0.11134445448629124,0.512035592235356,0.10848587784668567,0.5100333976367991
176186,el-chadaille-bitshiabu_2023-02-11,0.22279055435305437,0.5367290573087679,0.1588012348410015,0.5175640189590246,0.12187912506910006,0.5320361155678575,0.10561437250691097,0.5205539147022189
207256,ruben-aguilar_2023-02-11,-0.22279055435305437,0.5367290573087679,-0.1588012348410015,0.5175640189590246,-0.12187912506910006,0.5320361155678575,-0.10561437250691097,0.5205539147022189
278810,mitchell-weiser_2023-02-11,-0.06499006458022855,0.4219489981785062,-0.11644705249213448,0.42289267350742765,-0.1373708079659014,0.4435204721818704,-0.16869483937608792,0.4740554423030045
773640,mads-roerslev-rasmussen_2023-02-11,-0.13348269549177136,0.5049624290878418,-0.13646087849540528,0.5270463081448892,-0.14648915128853876,0.5134015976784236,-0.1300215885868498,0.5200689492115579
209837,caio-henrique-oliveira-silva_2023-02-11,-0.22279055435305437,0.5367290573087679,-0.1588012348410015,0.5175640189590246,-0.12187912506910006,0.5320361155678575,-0.10561437250691097,0.5205539147022189
475374,amos-pieper_2023-02-11,-0.06499006458022855,0.4219489981785062,-0.11644705249213448,0.42289267350742765,-0.1373708079659014,0.4435204721818704,-0.16869483937608792,0.4740554423030045
122536,niklas-stark_2023-02-11,-0.06499006458022855,0.4219489981785062,-0.11644705249213448,0.42289267350742765,-0.1373708079659014,0.4435204721818704,-0.16869483937608792,0.4740554423030045
163403,emerson-aparecido-leite-de-souza-junior_2023-02-11,0.16935982469377472,0.5442623504803844,0.14243343417228418,0.5238197665100335,0.07222403158015873,0.5135291480032709,0.08197820796523791,0.5218629760678777
161575,giuseppe-pezzella_2023-02-11,-0.05726149978904072,0.5344979538512661,-0.08020615970525082,0.5385616859905036,-0.06593342680652331,0.537534208423761,-0.05903006393197842,0.5323088283279012
313582,ben-mee_2023-02-11,-0.13348269549177136,0.5049624290878418,-0.13646087849540528,0.5270463081448892,-0.14648915128853876,0.5134015976784236,-0.1300215885868498,0.5200689492115579
510747,pedro-antonio-porro-sauceda_2023-02-11,0.16935982469377472,0.5442623504803844,0.14243343417228418,0.5238197665100335,0.07222403158015873,0.5135291480032709,0.08197820796523791,0.5218629760678777
456941,valentin-gendrey_2023-02-11,-0.05726149978904072,0.5344979538512661,-0.08020615970525082,0.5385616859905036,-0.06593342680652331,0.537534208423761,-0.05903006393197842,0.5323088283279012
184578,benoit-badiashile-mukinayi_2023-02-11,0.13581363712045527,0.5724619198788786,0.13794353946926602,0.534074713110446,0.11134445448629124,0.512035592235356,0.10848587784668567,0.5100333976367991
601844,christian-gross-1989-02-08_2023-02-11,-0.06499006458022855,0.4219489981785062,-0.11644705249213448,0.42289267350742765,-0.1373708079659014,0.4435204721818704,-0.16869483937608792,0.4740554423030045
428532,nico-schlotterbeck_2023-02-11,0.06499006458022855,0.4219489981785062,0.11644705249213448,0.42289267350742765,0.1373708079659014,0.4435204721818704,0.16869483937608792,0.4740554423030045
559311,rico-henry_2023-02-11,-0.13348269549177136,0.5049624290878418,-0.13646087849540528,0.5270463081448892,-0.14648915128853876,0.5134015976784236,-0.1300215885868498,0.5200689492115579
798300,ivan-ordets_2023-02-11,-0.18853457051131467,0.5538016096737027,-0.13014210966496448,0.5263103847205692,-0.11520343934620514,0.5123002502661795,-0.09399255594340591,0.5184852526042236
759076,guillermo-alfonso-maripan-loaysa_2023-02-11,-0.22279055435305437,0.5367290573087679,-0.1588012348410015,0.5175640189590246,-0.12187912506910006,0.5320361155678575,-0.10561437250691097,0.5205539147022189
295331,konstantinos-stafylidis_2023-02-11,-0.18853457051131467,0.5538016096737027,-0.13014210966496448,0.5263103847205692,-0.11520343934620514,0.5123002502661795,-0.09399255594340591,0.5184852526042236
603867,ryan-fredericks_2023-02-11,-0.0915885150869907,0.5004191596569648,-0.11949841736834481,0.5160242447749206,-0.11847771737534821,0.5102171382980945,-0.09876588421313723,0.49734068657232744
243309,sergio-ramos-garcia_2023-02-11,0.22279055435305437,0.5367290573087679,0.1588012348410015,0.5175640189590246,0.12187912506910006,0.5320361155678575,0.10561437250691097,0.5205539147022189
495386,federico-baschirotto_2023-02-11,-0.05726149978904072,0.5344979538512661,-0.08020615970525082,0.5385616859905036,-0.06593342680652331,0.537534208423761,-0.05903006393197842,0.5323088283279012
73372,oscar-mingueza-garcia_2023-02-12,-0.061578506742299824,0.5529740135343582,-0.01355341079231951,0.5453353388777065,-0.028459715195857462,0.5428751238380388,-0.05011600110574682,0.5307692236014621
145603,jordi-alba-ramos_2023-02-12,0.1575772871204042,0.5110282567877507,0.0974017829244144,0.5225466547611657,0.11951517531540698,0.5167125643217051,0.10836033039911161,0.5092054411505538
752269,ashley-young_2023-02-12,0.003450524809445972,0.5279757114715624,0.08316338372283788,0.5188085683851021,0.08967843824195268,0.5171462005882611,0.08776690735935125,0.5182677069831341
696996,joseph-aidoo_2023-02-12,-0.061578506742299824,0.5529740135343582,-0.01355341079231951,0.5453353388777065,-0.028459715195857462,0.5428751238380388,-0.05011600110574682,0.5307692236014621
182004,maximilian-wober_2023-02-12,-0.14265801364246952,0.47669400020436264,-0.1499108250936939,0.4786775492989361,-0.09838806981795037,0.49353618301042906,-0.10411188244566526,0.49380627916261555
718817,bruno-amione_2023-02-13,-0.05606037273947723,0.5571637842533366,-0.03308440830029033,0.5304219262060638,-0.052227209671529086,0.5413790561965457,-0.05374543987086815,0.5398251989360301
407525,bram-nuytinck_2023-02-13,-0.05606037273947723,0.5571637842533366,-0.03308440830029033,0.5304219262060638,-0.052227209671529086,0.5413790561965457,-0.05374543987086815,0.5398251989360301
252925,tommaso-augello_2023-02-13,-0.05606037273947723,0.5571637842533366,-0.03308440830029033,0.5304219262060638,-0.052227209671529086,0.5413790561965457,-0.05374543987086815,0.5398251989360301
813686,seamus-coleman_2023-02-13,0.17252856857532606,0.5420031983471836,0.05055462259812847,0.5163140151004145,0.025620225887351036,0.5120563761067214,0.016404053469919817,0.5099813540210044
624581,alessandro-zanoli_2023-02-13,-0.05606037273947723,0.5571637842533366,-0.03308440830029033,0.5304219262060638,-0.052227209671529086,0.5413790561965457,-0.05374543987086815,0.5398251989360301
732732,james-tarkowski_2023-02-13,0.17252856857532606,0.5420031983471836,0.05055462259812847,0.5163140151004145,0.025620225887351036,0.5120563761067214,0.016404053469919817,0.5099813540210044
701392,nicola-murru_2023-02-13,-0.05606037273947723,0.5571637842533366,-0.03308440830029033,0.5304219262060638,-0.052227209671529086,0.5413790561965457,-0.05374543987086815,0.5398251989360301
766383,unai-garcia-lugea_2023-02-18,-0.15996451428495087,0.544063972109607,-0.16315331677630113,0.49756619357305343,-0.16315331677630113,0.49756619357305343,-0.16315331677630113,0.49756619357305343
66915,danilo-d-ambrosio_2023-02-18,0.05606037273947723,0.5571637842533366,0.03308440830029033,0.5304219262060638,0.052227209671529086,0.5413790561965457,0.05374543987086815,0.5398251989360301
499746,diego-moreno-garbayo_2023-02-18,-0.15996451428495087,0.544063972109607,-0.16315331677630113,0.49756619357305343,-0.16315331677630113,0.49756619357305343,-0.16315331677630113,0.49756619357305343
162402,stefan-lainer_2023-02-18,-0.18853457051131467,0.5538016096737027,-0.13014210966496448,0.5263103847205692,-0.11520343934620514,0.5123002502661795,-0.09399255594340591,0.5184852526042236
310278,iyenoma-destiny-udogie_2023-02-18,-0.05606037273947723,0.5571637842533366,-0.03308440830029033,0.5304219262060638,-0.052227209671529086,0.5413790561965457,-0.05374543987086815,0.5398251989360301
656600,joe-worrall_2023-02-18,-0.07677550884787725,0.5031249208880789,-0.11170678599125003,0.5129546258729021,-0.07518988248714087,0.5169566683994284,-0.062229514739761724,0.5140066958260429
143352,tony-jantschke_2023-02-18,-0.18853457051131467,0.5538016096737027,-0.13014210966496448,0.5263103847205692,-0.11520343934620514,0.5123002502661795,-0.09399255594340591,0.5184852526042236
579117,marlon-santos-da-silva-barbosa_2023-02-18,-0.08892641572519616,0.4845180023228804,-0.10727632783666105,0.5046590871703737,-0.06345073379309361,0.4909558630140878,-0.030093952686076827,0.5063040320190594
135394,ramy-bensebaini_2023-02-18,-0.18853457051131467,0.5538016096737027,-0.13014210966496448,0.5263103847205692,-0.11520343934620514,0.5123002502661795,-0.09399255594340591,0.5184852526042236
766086,kingsley-ehizibue_2023-02-18,-0.05606037273947723,0.5571637842533366,-0.03308440830029033,0.5304219262060638,-0.052227209671529086,0.5413790561965457,-0.05374543987086815,0.5398251989360301
415668,ko-itakura_2023-02-18,-0.18853457051131467,0.5538016096737027,-0.13014210966496448,0.5263103847205692,-0.11520343934620514,0.5123002502661795,-0.09399255594340591,0.5184852526042236
18015,enzo-ebosse_2023-02-18,-0.05606037273947723,0.5571637842533366,-0.03308440830029033,0.5304219262060638,-0.052227209671529086,0.5413790561965457,-0.05374543987086815,0.5398251989360301
362923,trevoh-chalobah_2023-02-18,0.13581363712045527,0.5724619198788786,0.13794353946926602,0.534074713110446,0.11134445448629124,0.512035592235356,0.10848587784668567,0.5100333976367991
262184,wesley-fofana_2023-02-18,0.13581363712045527,0.5724619198788786,0.13794353946926602,0.534074713110446,0.11134445448629124,0.512035592235356,0.10848587784668567,0.5100333976367991
210010,pablo-mari-villar_2023-02-18,-0.08892641572519616,0.4845180023228804,-0.10727632783666105,0.5046590871703737,-0.06345073379309361,0.4909558630140878,-0.030093952686076827,0.5063040320190594
671120,ben-chilwell_2023-02-18,0.13581363712045527,0.5724619198788786,0.13794353946926602,0.534074713110446,0.11134445448629124,0.512035592235356,0.10848587784668567,0.5100333976367991
155343,armel-bella-kotchap_2023-02-18,-0.13581363712045527,0.5724619198788786,-0.13794353946926602,0.534074713110446,-0.11134445448629124,0.512035592235356,-0.10848587784668567,0.5100333976367991
523452,rob-holding_2023-02-18,0.13348269549177136,0.5049624290878418,0.13646087849540528,0.5270463081448892,0.14648915128853876,0.5134015976784236,0.1300215885868498,0.5200689492115579
184576,benoit-badiashile-mukinayi_2023-02-18,0.13581363712045527,0.5724619198788786,0.13794353946926602,0.534074713110446,0.11134445448629124,0.512035592235356,0.10848587784668567,0.5100333976367991
517227,dan-burn_2023-02-18,0.09422896110396112,0.5749746174746175,0.09290873809547591,0.5376968885657911,0.11145244501290477,0.5364564780242762,0.1055267415641994,0.5064848715634136
603965,harry-toffolo_2023-02-18,-0.07677550884787725,0.5031249208880789,-0.11170678599125003,0.5129546258729021,-0.07518988248714087,0.5169566683994284,-0.062229514739761724,0.5140066958260429
348356,armando-izzo_2023-02-18,-0.08892641572519616,0.4845180023228804,-0.10727632783666105,0.5046590871703737,-0.06345073379309361,0.4909558630140878,-0.030093952686076827,0.5063040320190594
732731,james-tarkowski_2023-02-18,-0.047182825010535195,0.49118872032588884,0.06267287178239543,0.5165959593365362,0.014179524872534975,0.5095281437534063,0.0040057885319290006,0.5095890810384831
813685,seamus-coleman_2023-02-18,-0.047182825010535195,0.49118872032588884,0.06267287178239543,0.5165959593365362,0.014179524872534975,0.5095281437534063,0.0040057885319290006,0.5095890810384831
246405,manuel-sanchez-de-la-pena_2023-02-18,-0.15996451428495087,0.544063972109607,-0.16315331677630113,0.49756619357305343,-0.16315331677630113,0.49756619357305343,-0.16315331677630113,0.49756619357305343
573796,alphonso-davies_2023-02-18,0.18853457051131467,0.5538016096737027,0.13014210966496448,0.5263103847205692,0.11520343934620514,0.5123002502661795,0.09399255594340591,0.5184852526042236
266284,renan-augusto-lodi-dos-santos_2023-02-18,-0.07677550884787725,0.5031249208880789,-0.11170678599125003,0.5129546258729021,-0.07518988248714087,0.5169566683994284,-0.062229514739761724,0.5140066958260429
460700,festy-ebosele_2023-02-18,-0.05606037273947723,0.5571637842533366,-0.03308440830029033,0.5304219262060638,-0.052227209671529086,0.5413790561965457,-0.05374543987086815,0.5398251989360301
290145,adam-masina_2023-02-18,-0.05606037273947723,0.5571637842533366,-0.03308440830029033,0.5304219262060638,-0.052227209671529086,0.5413790561965457,-0.05374543987086815,0.5398251989360301
700460,romain-perraud_2023-02-18,-0.13581363712045527,0.5724619198788786,-0.13794353946926602,0.534074713110446,-0.11134445448629124,0.512035592235356,-0.10848587784668567,0.5100333976367991
89017,kalidou-koulibaly_2023-02-18,0.13581363712045527,0.5724619198788786,0.13794353946926602,0.534074713110446,0.11134445448629124,0.512035592235356,0.10848587784668567,0.5100333976367991
573686,nico-elvedi_2023-02-18,-0.18853457051131467,0.5538016096737027,-0.13014210966496448,0.5263103847205692,-0.11520343934620514,0.5123002502661795,-0.09399255594340591,0.5184852526042236
215980,franco-ezequiel-carboni_2023-02-18,-0.08892641572519616,0.4845180023228804,-0.10727632783666105,0.5046590871703737,-0.06345073379309361,0.4909558630140878,-0.030093952686076827,0.5063040320190594
182003,maximilian-wober_2023-02-18,0.047182825010535195,0.49118872032588884,-0.06267287178239543,0.5165959593365362,-0.014179524872534975,0.5095281437534063,-0.0040057885319290006,0.5095890810384831
161010,felipe-augusto-de-almeida-monteiro_2023-02-18,-0.07677550884787725,0.5031249208880789,-0.11170678599125003,0.5129546258729021,-0.07518988248714087,0.5169566683994284,-0.062229514739761724,0.5140066958260429
58488,samuele-birindelli_2023-02-18,-0.08892641572519616,0.4845180023228804,-0.10727632783666105,0.5046590871703737,-0.06345073379309361,0.4909558630140878,-0.030093952686076827,0.5063040320190594
446790,robin-koch_2023-02-18,0.047182825010535195,0.49118872032588884,-0.06267287178239543,0.5165959593365362,-0.014179524872534975,0.5095281437534063,-0.0040057885319290006,0.5095890810384831
284011,diego-coppola_2023-02-19,-0.08672233658380571,0.5328610354899017,-0.07199191818642321,0.5336794946705838,-0.08137137840746292,0.5353002024275823,-0.06952808000838126,0.5332652793769233
58278,dimitrios-nikolaou_2023-02-19,-0.0527792926725311,0.5195608859309927,-0.09273544673746366,0.531315982341945,-0.05147940969363958,0.5185702599920965,-0.08568269498918579,0.5251524243115866
284555,kelvin-amian-adou_2023-02-19,-0.0527792926725311,0.5195608859309927,-0.09273544673746366,0.531315982341945,-0.05147940969363958,0.5185702599920965,-0.08568269498918579,0.5251524243115866
31859,leny-yoro_2023-02-19,-0.10012088650887346,0.47697207464252944,-0.08818654900510237,0.498903201925049,-0.12349389192305193,0.5082336104420367,-0.10826679343766517,0.516859360851945
546281,pawel-dawidowicz_2023-02-19,-0.08672233658380571,0.5328610354899017,-0.07199191818642321,0.5336794946705838,-0.08137137840746292,0.5353002024275823,-0.06952808000838126,0.5332652793769233
317016,daniel-vivian-moreno_2023-02-19,-0.061578506742299824,0.5529740135343582,-0.01355341079231951,0.5453353388777065,-0.028459715195857462,0.5428751238380388,-0.05011600110574682,0.5307692236014621
543771,giangiacomo-magnani_2023-02-19,-0.08672233658380571,0.5328610354899017,-0.07199191818642321,0.5336794946705838,-0.08137137840746292,0.5353002024275823,-0.06952808000838126,0.5332652793769233
785319,juan-bernat-velasco_2023-02-19,0.10012088650887346,0.47697207464252944,0.08818654900510237,0.498903201925049,0.12349389192305193,0.5082336104420367,0.10826679343766517,0.516859360851945
340400,filip-uremovic_2023-02-19,-0.4000000000000001,0.43076923076923074,-0.241603120015949,0.46040305637345114,-0.17902508625404173,0.4416478649404394,-0.1881363488711723,0.45568453781440454
218031,fabio-depaoli_2023-02-19,-0.08672233658380571,0.5328610354899017,-0.07199191818642321,0.5336794946705838,-0.08137137840746292,0.5353002024275823,-0.06952808000838126,0.5332652793769233
513011,marius-wolf_2023-02-19,0.4000000000000001,0.43076923076923074,0.241603120015949,0.46040305637345114,0.17902508625404173,0.4416478649404394,0.1881363488711723,0.45568453781440454
344834,oscar-de-marcos-arana_2023-02-19,-0.061578506742299824,0.5529740135343582,-0.01355341079231951,0.5453353388777065,-0.028459715195857462,0.5428751238380388,-0.05011600110574682,0.5307692236014621
262272,mats-hummels_2023-02-19,0.4000000000000001,0.43076923076923074,0.241603120015949,0.46040305637345114,0.17902508625404173,0.4416478649404394,0.1881363488711723,0.45568453781440454
490361,cristian-gabriel-romero_2023-02-19,0.16935982469377472,0.5442623504803844,0.14243343417228418,0.5238197665100335,0.07222403158015873,0.5135291480032709,0.08197820796523791,0.5218629760678777
504844,clement-lenglet_2023-02-19,0.16935982469377472,0.5442623504803844,0.14243343417228418,0.5238197665100335,0.07222403158015873,0.5135291480032709,0.08197820796523791,0.5218629760678777
243307,sergio-ramos-garcia_2023-02-19,0.10012088650887346,0.47697207464252944,0.08818654900510237,0.498903201925049,0.12349389192305193,0.5082336104420367,0.10826679343766517,0.516859360851945
841448,tiago-emanuel-embalo-djalo_2023-02-19,-0.10012088650887346,0.47697207464252944,-0.08818654900510237,0.498903201925049,-0.12349389192305193,0.5082336104420367,-0.10826679343766517,0.516859360851945
428530,nico-schlotterbeck_2023-02-19,0.4000000000000001,0.43076923076923074,0.241603120015949,0.46040305637345114,0.17902508625404173,0.4416478649404394,0.1881363488711723,0.45568453781440454
163401,emerson-aparecido-leite-de-souza-junior_2023-02-19,0.16935982469377472,0.5442623504803844,0.14243343417228418,0.5238197665100335,0.07222403158015873,0.5135291480032709,0.08197820796523791,0.5218629760678777
429894,nuno-mendes_2023-02-19,0.10012088650887346,0.47697207464252944,0.08818654900510237,0.498903201925049,0.12349389192305193,0.5082336104420367,0.10826679343766517,0.516859360851945
357038,eric-dier_2023-02-19,0.16935982469377472,0.5442623504803844,0.14243343417228418,0.5238197665100335,0.07222403158015873,0.5135291480032709,0.08197820796523791,0.5218629760678777
799154,eric-garcia-martret_2023-02-19,0.15888519813519822,0.5487738187738193,0.1582312426278012,0.5299010377807849,0.14186312865944714,0.5349881955223069,0.12349820470349711,0.5170755849647275
754013,rafael-jimenez-jarque_2023-02-19,-0.15888519813519822,0.5487738187738193,-0.1582312426278012,0.5299010377807849,-0.14186312865944714,0.5349881955223069,-0.12349820470349711,0.5170755849647275
296210,isaac-carcelen-valencia_2023-02-19,-0.15888519813519822,0.5487738187738193,-0.1582312426278012,0.5299010377807849,-0.14186312865944714,0.5349881955223069,-0.12349820470349711,0.5170755849647275
835359,alex-sandro-lobo-silva_2023-02-19,0.0527792926725311,0.5195608859309927,0.09273544673746366,0.531315982341945,0.05147940969363958,0.5185702599920965,0.08568269498918579,0.5251524243115866
468072,daniele-rugani_2023-02-19,0.0527792926725311,0.5195608859309927,0.09273544673746366,0.531315982341945,0.05147940969363958,0.5185702599920965,0.08568269498918579,0.5251524243115866
296657,aitor-paredes-casamichana_2023-02-19,-0.061578506742299824,0.5529740135343582,-0.01355341079231951,0.5453353388777065,-0.028459715195857462,0.5428751238380388,-0.05011600110574682,0.5307692236014621
98979,josh-doig_2023-02-19,-0.08672233658380571,0.5328610354899017,-0.07199191818642321,0.5336794946705838,-0.08137137840746292,0.5353002024275823,-0.06952808000838126,0.5332652793769233
585510,presnel-kimpembe_2023-02-19,0.10012088650887346,0.47697207464252944,0.08818654900510237,0.498903201925049,0.12349389192305193,0.5082336104420367,0.10826679343766517,0.516859360851945
652254,yeray-alvarez-lopez_2023-02-19,-0.061578506742299824,0.5529740135343582,-0.01355341079231951,0.5453353388777065,-0.028459715195857462,0.5428751238380388,-0.05011600110574682,0.5307692236014621
411029,marton-dardai_2023-02-19,-0.4000000000000001,0.43076923076923074,-0.241603120015949,0.46040305637345114,-0.17902508625404173,0.4416478649404394,-0.1881363488711723,0.45568453781440454
651775,agustin-maximiliano-rogel-paita_2023-02-19,-0.4000000000000001,0.43076923076923074,-0.241603120015949,0.46040305637345114,-0.17902508625404173,0.4416478649404394,-0.1881363488711723,0.45568453781440454
322361,niklas-sule_2023-02-19,0.4000000000000001,0.43076923076923074,0.241603120015949,0.46040305637345114,0.17902508625404173,0.4416478649404394,0.1881363488711723,0.45568453781440454
199364,yuri-berchiche-izeta_2023-02-19,-0.061578506742299824,0.5529740135343582,-0.01355341079231951,0.5453353388777065,-0.028459715195857462,0.5428751238380388,-0.05011600110574682,0.5307692236014621
129357,marc-oliver-kempf_2023-02-19,-0.4000000000000001,0.43076923076923074,-0.241603120015949,0.46040305637345114,-0.17902508625404173,0.4416478649404394,-0.1881363488711723,0.45568453781440454
450615,arkadiusz-reca_2023-02-19,-0.0527792926725311,0.5195608859309927,-0.09273544673746366,0.531315982341945,-0.05147940969363958,0.5185702599920965,-0.08568269498918579,0.5251524243115866
580866,luis-hernandez-rodriguez_2023-02-19,-0.15888519813519822,0.5487738187738193,-0.1582312426278012,0.5299010377807849,-0.14186312865944714,0.5349881955223069,-0.12349820470349711,0.5170755849647275
330929,santiago-arzamendia-duarte_2023-02-19,-0.15888519813519822,0.5487738187738193,-0.1582312426278012,0.5299010377807849,-0.14186312865944714,0.5349881955223069,-0.12349820470349711,0.5170755849647275
471203,mattia-de-sciglio_2023-02-19,0.0527792926725311,0.5195608859309927,0.09273544673746366,0.531315982341945,0.05147940969363958,0.5185702599920965,0.08568269498918579,0.5251524243115866
732730,james-tarkowski_2023-02-25,0.100472718514626,0.5667510780805578,0.0266449467520454,0.5289698992032233,0.038599784675086936,0.5226419571518189,0.009861718173097077,0.5165300813219185
90509,pavel-kaderabek_2023-02-25,-0.4000000000000001,0.43076923076923074,-0.241603120015949,0.46040305637345114,-0.17902508625404173,0.4416478649404394,-0.1881363488711723,0.45568453781440454
241885,adam-smith-1991-04-29_2023-02-25,-0.039023140774319995,0.5335793923058074,-0.059879191686862225,0.5191577511871439,-0.08579298883905613,0.516056188530023,-0.05871074064687516,0.5191520726318003
322360,niklas-sule_2023-02-25,0.4000000000000001,0.43076923076923074,0.241603120015949,0.46040305637345114,0.17902508625404173,0.4416478649404394,0.1881363488711723,0.45568453781440454
195018,ozan-muhammed-kabak_2023-02-25,-0.4000000000000001,0.43076923076923074,-0.241603120015949,0.46040305637345114,-0.17902508625404173,0.4416478649404394,-0.1881363488711723,0.45568453781440454
416923,marcos-senesi_2023-02-25,-0.039023140774319995,0.5335793923058074,-0.059879191686862225,0.5191577511871439,-0.08579298883905613,0.516056188530023,-0.05871074064687516,0.5191520726318003
741311,chris-mepham_2023-02-25,-0.039023140774319995,0.5335793923058074,-0.059879191686862225,0.5191577511871439,-0.08579298883905613,0.516056188530023,-0.05871074064687516,0.5191520726318003
656599,joe-worrall_2023-02-25,-0.06124870551209835,0.4907125307125308,-0.09398563141077297,0.5125121153779689,-0.08459645069239273,0.5112981875159803,-0.06331409439884148,0.5136301407618924
396756,kevin-akpoguma_2023-02-25,-0.4000000000000001,0.43076923076923074,-0.241603120015949,0.46040305637345114,-0.17902508625404173,0.4416478649404394,-0.1881363488711723,0.45568453781440454
813684,seamus-coleman_2023-02-25,0.100472718514626,0.5667510780805578,0.0266449467520454,0.5289698992032233,0.038599784675086936,0.5226419571518189,0.009861718173097077,0.5165300813219185
161009,felipe-augusto-de-almeida-monteiro_2023-02-25,-0.06124870551209835,0.4907125307125308,-0.09398563141077297,0.5125121153779689,-0.08459645069239273,0.5112981875159803,-0.06331409439884148,0.5136301407618924
673552,tyrick-mitchell_2023-02-25,-0.022698836297713677,0.5234118056829639,-0.047172856615152435,0.5132312584382661,-0.1045624602566321,0.5317955201207153,-0.11819466172953971,0.5366693245271579
513010,marius-wolf_2023-02-25,0.4000000000000001,0.43076923076923074,0.241603120015949,0.46040305637345114,0.17902508625404173,0.4416478649404394,0.1881363488711723,0.45568453781440454
422159,neco-williams_2023-02-25,-0.06124870551209835,0.4907125307125308,-0.09398563141077297,0.5125121153779689,-0.08459645069239273,0.5112981875159803,-0.06331409439884148,0.5136301407618924
76098,vitalii-mykolenko_2023-02-25,0.100472718514626,0.5667510780805578,0.0266449467520454,0.5289698992032233,0.038599784675086936,0.5226419571518189,0.009861718173097077,0.5165300813219185
266283,renan-augusto-lodi-dos-santos_2023-02-25,-0.06124870551209835,0.4907125307125308,-0.09398563141077297,0.5125121153779689,-0.08459645069239273,0.5112981875159803,-0.06331409439884148,0.5136301407618924
549093,nathaniel-edwin-clyne_2023-02-25,-0.022698836297713677,0.5234118056829639,-0.047172856615152435,0.5132312584382661,-0.1045624602566321,0.5317955201207153,-0.11819466172953971,0.5366693245271579
836172,marc-guehi_2023-02-25,-0.022698836297713677,0.5234118056829639,-0.047172856615152435,0.5132312584382661,-0.1045624602566321,0.5317955201207153,-0.11819466172953971,0.5366693245271579
33591,ermin-bicakcic_2023-02-25,-0.4000000000000001,0.43076923076923074,-0.241603120015949,0.46040305637345114,-0.17902508625404173,0.4416478649404394,-0.1881363488711723,0.45568453781440454
430946,kevin-vogt_2023-02-25,-0.4000000000000001,0.43076923076923074,-0.241603120015949,0.46040305637345114,-0.17902508625404173,0.4416478649404394,-0.1881363488711723,0.45568453781440454
34337,jordan-zemura_2023-02-25,-0.039023140774319995,0.5335793923058074,-0.059879191686862225,0.5191577511871439,-0.08579298883905613,0.516056188530023,-0.05871074064687516,0.5191520726318003
603964,harry-toffolo_2023-02-25,-0.06124870551209835,0.4907125307125308,-0.09398563141077297,0.5125121153779689,-0.08459645069239273,0.5112981875159803,-0.06331409439884148,0.5136301407618924
262271,mats-hummels_2023-02-25,0.4000000000000001,0.43076923076923074,0.241603120015949,0.46040305637345114,0.17902508625404173,0.4416478649404394,0.1881363488711723,0.45568453781440454
428529,nico-schlotterbeck_2023-02-25,0.4000000000000001,0.43076923076923074,0.241603120015949,0.46040305637345114,0.17902508625404173,0.4416478649404394,0.1881363488711723,0.45568453781440454
603865,ryan-fredericks_2023-02-25,-0.039023140774319995,0.5335793923058074,-0.059879191686862225,0.5191577511871439,-0.08579298883905613,0.516056188530023,-0.05871074064687516,0.5191520726318003
699504,srdan-babic_2023-02-26,-0.14072290640394092,0.5112347996830754,-0.14980405226956955,0.5300043092284473,-0.12360291759699198,0.5262754819948066,-0.1112208148723477,0.5191165344367115
66913,danilo-d-ambrosio_2023-02-26,0.049406318319361806,0.5341104668278578,0.052733345529419516,0.5456371255405972,0.058336331373409614,0.5335656253278314,0.04687767731264497,0.5417563423835449
585509,presnel-kimpembe_2023-02-26,0.051903168298799394,0.5197097185446701,0.07601202740383643,0.49834089659359976,0.11276670516551462,0.513561294925884,0.09796141184885704,0.5185439189370675
793082,christopher-trimmel_2023-02-26,-0.18853457051131467,0.5538016096737027,-0.13014210966496448,0.5263103847205692,-0.11520343934620514,0.5123002502661795,-0.09399255594340591,0.5184852526042236
507640,robin-knoche_2023-02-26,-0.18853457051131467,0.5538016096737027,-0.13014210966496448,0.5263103847205692,-0.11520343934620514,0.5123002502661795,-0.09399255594340591,0.5184852526042236
761102,davide-zappacosta_2023-02-26,-0.08892641572519616,0.4845180023228804,-0.10727632783666105,0.5046590871703737,-0.06345073379309361,0.4909558630140878,-0.030093952686076827,0.5063040320190594
830938,alejandro-pozo-pozo_2023-02-26,-0.14072290640394092,0.5112347996830754,-0.14980405226956955,0.5300043092284473,-0.12360291759699198,0.5262754819948066,-0.1112208148723477,0.5191165344367115
785318,juan-bernat-velasco_2023-02-26,0.051903168298799394,0.5197097185446701,0.07601202740383643,0.49834089659359976,0.11276670516551462,0.513561294925884,0.09796141184885704,0.5185439189370675
352804,andrea-cambiaso_2023-02-26,-0.049406318319361806,0.5341104668278578,-0.052733345529419516,0.5456371255405972,-0.058336331373409614,0.5335656253278314,-0.04687767731264497,0.5417563423835449
585349,leonardo-julian-balerdi-rossa_2023-02-26,-0.051903168298799394,0.5197097185446701,-0.07601202740383643,0.49834089659359976,-0.11276670516551462,0.513561294925884,-0.09796141184885704,0.5185439189370675
243306,sergio-ramos-garcia_2023-02-26,0.051903168298799394,0.5197097185446701,0.07601202740383643,0.49834089659359976,0.11276670516551462,0.513561294925884,0.09796141184885704,0.5185439189370675
504843,clement-lenglet_2023-02-26,0.16935982469377472,0.5442623504803844,0.14243343417228418,0.5238197665100335,0.07222403158015873,0.5135291480032709,0.08197820796523791,0.5218629760678777
799152,eric-garcia-martret_2023-02-26,0.14072290640394092,0.5112347996830754,0.14980405226956955,0.5300043092284473,0.12360291759699198,0.5262754819948066,0.1112208148723477,0.5191165344367115
299620,enzo-joaquin-sosa-romanuk_2023-02-26,-0.049406318319361806,0.5341104668278578,-0.052733345529419516,0.5456371255405972,-0.058336331373409614,0.5335656253278314,-0.04687767731264497,0.5417563423835449
198291,nordi-mukiele-mulere_2023-02-26,0.051903168298799394,0.5197097185446701,0.07601202740383643,0.49834089659359976,0.11276670516551462,0.513561294925884,0.09796141184885704,0.5185439189370675
156651,juan-brandariz-movilla_2023-02-26,-0.14072290640394092,0.5112347996830754,-0.14980405226956955,0.5300043092284473,-0.12360291759699198,0.5262754819948066,-0.1112208148723477,0.5191165344367115
749723,rodrigo-ely_2023-02-26,-0.14072290640394092,0.5112347996830754,-0.14980405226956955,0.5300043092284473,-0.12360291759699198,0.5262754819948066,-0.1112208148723477,0.5191165344367115
262183,wesley-fofana_2023-02-26,-0.008829126027921215,0.4622147464316139,0.06349225554626703,0.5173383331552462,0.0966904844288167,0.49791398255905234,0.08196233272977653,0.5014088578631125
72230,jerome-roussillon_2023-02-26,-0.18853457051131467,0.5538016096737027,-0.13014210966496448,0.5263103847205692,-0.11520343934620514,0.5123002502661795,-0.09399255594340591,0.5184852526042236
335841,ben-davies-1993-04-24_2023-02-26,0.16935982469377472,0.5442623504803844,0.14243343417228418,0.5238197665100335,0.07222403158015873,0.5135291480032709,0.08197820796523791,0.5218629760678777
451230,jhon-janer-lucumi-bonilla_2023-02-26,-0.049406318319361806,0.5341104668278578,-0.052733345529419516,0.5456371255405972,-0.058336331373409614,0.5335656253278314,-0.04687767731264497,0.5417563423835449
61351,reece-james_2023-02-26,-0.008829126027921215,0.4622147464316139,0.06349225554626703,0.5173383331552462,0.0966904844288167,0.49791398255905234,0.08196233272977653,0.5014088578631125
375452,thiago-emiliano-da-silva_2023-02-26,-0.008829126027921215,0.4622147464316139,0.06349225554626703,0.5173383331552462,0.0966904844288167,0.49791398255905234,0.08196233272977653,0.5014088578631125
829575,joakim-maehle_2023-02-26,-0.08892641572519616,0.4845180023228804,-0.10727632783666105,0.5046590871703737,-0.06345073379309361,0.4909558630140878,-0.030093952686076827,0.5063040320190594
87037,giorgos-kiriakopoulos_2023-02-26,-0.049406318319361806,0.5341104668278578,-0.052733345529419516,0.5456371255405972,-0.058336331373409614,0.5335656253278314,-0.04687767731264497,0.5417563423835449
331043,diogo-filipe-monteiro-pinto-leite_2023-02-26,-0.18853457051131467,0.5538016096737027,-0.13014210966496448,0.5263103847205692,-0.11520343934620514,0.5123002502661795,-0.09399255594340591,0.5184852526042236
489772,stefan-posch_2023-02-26,-0.049406318319361806,0.5341104668278578,-0.052733345529419516,0.5456371255405972,-0.058336331373409614,0.5335656253278314,-0.04687767731264497,0.5417563423835449
490360,cristian-gabriel-romero_2023-02-26,0.16935982469377472,0.5442623504803844,0.14243343417228418,0.5238197665100335,0.07222403158015873,0.5135291480032709,0.08197820796523791,0.5218629760678777
675349,sergio-akieme-rodriguez_2023-02-26,-0.14072290640394092,0.5112347996830754,-0.14980405226956955,0.5300043092284473,-0.12360291759699198,0.5262754819948066,-0.1112208148723477,0.5191165344367115
193081,kaiky-fernandes-melo_2023-02-26,-0.14072290640394092,0.5112347996830754,-0.14980405226956955,0.5300043092284473,-0.12360291759699198,0.5262754819948066,-0.1112208148723477,0.5191165344367115
603548,matteo-ruggeri_2023-02-26,-0.08892641572519616,0.4845180023228804,-0.10727632783666105,0.5046590871703737,-0.06345073379309361,0.4909558630140878,-0.030093952686076827,0.5063040320190594
357037,eric-dier_2023-02-26,0.16935982469377472,0.5442623504803844,0.14243343417228418,0.5238197665100335,0.07222403158015873,0.5135291480032709,0.08197820796523791,0.5218629760678777
573795,alphonso-davies_2023-02-26,0.18853457051131467,0.5538016096737027,0.13014210966496448,0.5263103847205692,0.11520343934620514,0.5123002502661795,0.09399255594340591,0.5184852526042236
285797,eric-bertrand-bailly_2023-02-26,-0.051903168298799394,0.5197097185446701,-0.07601202740383643,0.49834089659359976,-0.11276670516551462,0.513561294925884,-0.09796141184885704,0.5185439189370675
429893,nuno-mendes_2023-02-26,0.051903168298799394,0.5197097185446701,0.07601202740383643,0.49834089659359976,0.11276670516551462,0.513561294925884,0.09796141184885704,0.5185439189370675
159184,danilho-doekhi_2023-02-26,-0.18853457051131467,0.5538016096737027,-0.13014210966496448,0.5263103847205692,-0.11520343934620514,0.5123002502661795,-0.09399255594340591,0.5184852526042236
364544,niko-giesselmann_2023-02-26,-0.18853457051131467,0.5538016096737027,-0.13014210966496448,0.5263103847205692,-0.11520343934620514,0.5123002502661795,-0.09399255594340591,0.5184852526042236
671119,ben-chilwell_2023-02-26,-0.008829126027921215,0.4622147464316139,0.06349225554626703,0.5173383331552462,0.0966904844288167,0.49791398255905234,0.08196233272977653,0.5014088578631125
56786,jose-luis-palomino_2023-02-26,-0.08892641572519616,0.4845180023228804,-0.10727632783666105,0.5046590871703737,-0.06345073379309361,0.4909558630140878,-0.030093952686076827,0.5063040320190594
145599,jordi-alba-ramos_2023-02-26,0.14072290640394092,0.5112347996830754,0.14980405226956955,0.5300043092284473,0.12360291759699198,0.5262754819948066,0.1112208148723477,0.5191165344367115
163400,emerson-aparecido-leite-de-souza-junior_2023-02-26,0.16935982469377472,0.5442623504803844,0.14243343417228418,0.5238197665100335,0.07222403158015873,0.5135291480032709,0.08197820796523791,0.5218629760678777
90216,nuno-albertino-varela-tavares_2023-02-26,-0.051903168298799394,0.5197097185446701,-0.07601202740383643,0.49834089659359976,-0.11276670516551462,0.513561294925884,-0.09796141184885704,0.5185439189370675
89016,kalidou-koulibaly_2023-02-26,-0.008829126027921215,0.4622147464316139,0.06349225554626703,0.5173383331552462,0.0966904844288167,0.49791398255905234,0.08196233272977653,0.5014088578631125
510744,pedro-antonio-porro-sauceda_2023-02-26,0.16935982469377472,0.5442623504803844,0.14243343417228418,0.5238197665100335,0.07222403158015873,0.5135291480032709,0.08197820796523791,0.5218629760678777
730656,perr-schuurs_2023-02-28,-0.1352070740319588,0.553011766779048,-0.0843029596827734,0.5483677995575063,-0.08851920321011852,0.5398418909497257,-0.0883430584960854,0.533827226105529
822334,levy-koffi-djidji_2023-02-28,-0.1352070740319588,0.553011766779048,-0.0843029596827734,0.5483677995575063,-0.08851920321011852,0.5398418909497257,-0.0883430584960854,0.533827226105529
381461,alex-ferrari_2023-02-28,-0.1973057559385686,0.5074851799851798,-0.14201404626118716,0.5201731077375408,-0.11111010298321898,0.5293673968640222,-0.08479900644606699,0.5348967384741509
295772,alessandro-buongiorno_2023-02-28,-0.1352070740319588,0.553011766779048,-0.0843029596827734,0.5483677995575063,-0.08851920321011852,0.5398418909497257,-0.0883430584960854,0.533827226105529
742213,johan-felipe-vasquez-ibarra_2023-02-28,-0.1973057559385686,0.5074851799851798,-0.14201404626118716,0.5201731077375408,-0.11111010298321898,0.5293673968640222,-0.08479900644606699,0.5348967384741509
835357,alex-sandro-lobo-silva_2023-02-28,0.1352070740319588,0.553011766779048,0.0843029596827734,0.5483677995575063,0.08851920321011852,0.5398418909497257,0.0883430584960854,0.533827226105529
279947,matteo-bianchetti_2023-02-28,-0.1973057559385686,0.5074851799851798,-0.14201404626118716,0.5201731077375408,-0.11111010298321898,0.5293673968640222,-0.08479900644606699,0.5348967384741509
411411,wilfried-stephane-singo_2023-02-28,-0.1352070740319588,0.553011766779048,-0.0843029596827734,0.5483677995575063,-0.08851920321011852,0.5398418909497257,-0.0883430584960854,0.533827226105529
219633,emanuele-valeri_2023-02-28,-0.1973057559385686,0.5074851799851798,-0.14201404626118716,0.5201731077375408,-0.11111010298321898,0.5293673968640222,-0.08479900644606699,0.5348967384741509
749172,leonardo-sernicola_2023-02-28,-0.1973057559385686,0.5074851799851798,-0.14201404626118716,0.5201731077375408,-0.11111010298321898,0.5293673968640222,-0.08479900644606699,0.5348967384741509
471201,mattia-de-sciglio_2023-02-28,0.1352070740319588,0.553011766779048,0.0843029596827734,0.5483677995575063,0.08851920321011852,0.5398418909497257,0.0883430584960854,0.533827226105529
539647,craig-dawson_2023-03-01,-0.022698836297713677,0.5234118056829639,-0.047172856615152435,0.5132312584382661,-0.1045624602566321,0.5317955201207153,-0.11819466172953971,0.5366693245271579
813683,seamus-coleman_2023-03-01,0.003919773037420094,0.5117368742368743,0.05219624577602305,0.539243976158716,0.057434558779209235,0.5279199677476261,0.02044665286648765,0.5143188816107187
76097,vitalii-mykolenko_2023-03-01,0.003919773037420094,0.5117368742368743,0.05219624577602305,0.539243976158716,0.057434558779209235,0.5279199677476261,0.02044665286648765,0.5143188816107187
313949,rayan-ait-nouri_2023-03-01,-0.022698836297713677,0.5234118056829639,-0.047172856615152435,0.5132312584382661,-0.1045624602566321,0.5317955201207153,-0.11819466172953971,0.5366693245271579
100000,max-kilman_2023-03-01,-0.022698836297713677,0.5234118056829639,-0.047172856615152435,0.5132312584382661,-0.1045624602566321,0.5317955201207153,-0.11819466172953971,0.5366693245271579
732729,james-tarkowski_2023-03-01,0.003919773037420094,0.5117368742368743,0.05219624577602305,0.539243976158716,0.057434558779209235,0.5279199677476261,0.02044665286648765,0.5143188816107187
716402,ben-godfrey_2023-03-01,0.003919773037420094,0.5117368742368743,0.05219624577602305,0.539243976158716,0.057434558779209235,0.5279199677476261,0.02044665286648765,0.5143188816107187
403505,mason-holgate_2023-03-01,0.003919773037420094,0.5117368742368743,0.05219624577602305,0.539243976158716,0.057434558779209235,0.5279199677476261,0.02044665286648765,0.5143188816107187
678185,michael-keane_2023-03-01,0.003919773037420094,0.5117368742368743,0.05219624577602305,0.539243976158716,0.057434558779209235,0.5279199677476261,0.02044665286648765,0.5143188816107187
588619,hugo-bueno_2023-03-01,-0.022698836297713677,0.5234118056829639,-0.047172856615152435,0.5132312584382661,-0.1045624602566321,0.5317955201207153,-0.11819466172953971,0.5366693245271579
571051,nelson-cabral-semedo_2023-03-01,-0.022698836297713677,0.5234118056829639,-0.047172856615152435,0.5132312584382661,-0.1045624602566321,0.5317955201207153,-0.11819466172953971,0.5366693245271579
15409,willi-orban_2023-03-03,-0.4000000000000001,0.43076923076923074,-0.241603120015949,0.46040305637345114,-0.17902508625404173,0.4416478649404394,-0.1881363488711723,0.45568453781440454
262270,mats-hummels_2023-03-03,0.4000000000000001,0.43076923076923074,0.241603120015949,0.46040305637345114,0.17902508625404173,0.4416478649404394,0.1881363488711723,0.45568453781440454
322359,niklas-sule_2023-03-03,0.4000000000000001,0.43076923076923074,0.241603120015949,0.46040305637345114,0.17902508625404173,0.4416478649404394,0.1881363488711723,0.45568453781440454
428528,nico-schlotterbeck_2023-03-03,0.4000000000000001,0.43076923076923074,0.241603120015949,0.46040305637345114,0.17902508625404173,0.4416478649404394,0.1881363488711723,0.45568453781440454
